datum,bencin_95,dizel,kurilno_olje,brent,wti
2020-07-14,1.0,1.0,,42.9,40.29
2020-07-15,1.0,1.0,,43.79,41.2
2020-07-16,1.0,1.0,,43.37,40.75
2020-07-17,1.0,1.0,,43.14,40.59
2020-07-20,1.0,1.0,,43.28,40.81
2020-07-21,1.0,1.0,,44.32,41.96
2020-07-22,1.0,1.0,,44.29,41.9
2020-07-23,1.0,1.0,,43.31,41.07
2020-07-24,1.0,1.0,,43.34,41.29
2020-07-27,1.0,1.0,,43.41,41.6
2020-07-28,1.0,1.0,,43.22,41.04
2020-07-29,1.0,1.0,,43.75,41.27
2020-07-30,1.0,1.0,,42.94,39.92
2020-07-31,1.0,1.0,,43.3,40.27
2020-08-03,1.0,1.0,,44.15,41.01
2020-08-04,1.0,1.0,,44.43,41.7
2020-08-05,1.0,1.0,,45.17,42.19
2020-08-06,1.0,1.0,,45.09,41.95
2020-08-07,1.0,1.0,,44.4,41.22
2020-08-10,1.0,1.0,,44.99,41.94
2020-08-11,1.0,1.0,,44.5,41.61
2020-08-12,1.0,1.0,,45.43,42.67
2020-08-13,1.0,1.0,,44.96,42.24
2020-08-14,1.0,1.0,,44.8,42.01
2020-08-17,1.0,1.0,,45.37,42.89
2020-08-18,1.0,1.0,,45.46,42.89
2020-08-19,1.0,1.0,,45.37,42.93
2020-08-20,1.0,1.0,,44.9,42.58
2020-08-21,1.0,1.0,,44.35,42.34
2020-08-24,1.0,1.0,,45.13,42.62
2020-08-25,1.0,1.0,,45.86,43.35
2020-08-26,1.0,1.0,,45.64,43.39
2020-08-27,1.0,1.0,,45.09,43.04
2020-08-28,1.0,1.0,,45.05,42.97
2020-08-31,1.0,1.0,,45.28,42.61
2020-09-01,1.0,1.0,,45.58,42.76
2020-09-02,1.0,1.0,,44.43,41.51
2020-09-03,1.0,1.0,,44.07,41.37
2020-09-04,1.0,1.0,,42.66,39.77
2020-09-08,1.0,1.0,,39.78,36.76
2020-09-09,1.0,1.0,,40.79,38.05
2020-09-10,1.0,1.0,,40.06,37.3
2020-09-11,1.0,1.0,,39.83,37.33
2020-09-14,1.0,1.0,,39.61,37.26
2020-09-15,1.0,1.0,,40.53,38.28
2020-09-16,1.0,1.0,,42.22,40.16
2020-09-17,1.0,1.0,,43.3,40.97
2020-09-18,1.0,1.0,,43.15,41.11
2020-09-21,1.0,1.0,,41.44,39.31
2020-09-22,1.0,1.0,,41.72,39.6
2020-09-23,1.0,1.0,,41.77,39.93
2020-09-24,1.0,1.0,,41.94,40.31
2020-09-25,1.0,1.0,,41.92,40.25
2020-09-28,1.0,1.0,,42.43,40.6
2020-09-29,1.0,1.0,,41.03,39.29
2020-09-30,1.0,1.0,,40.95,40.22
2020-10-01,1.0,1.0,,40.93,38.72
2020-10-02,1.0,1.0,,39.27,37.05
2020-10-05,1.0,1.0,,41.29,39.22
2020-10-06,1.0,1.0,,42.65,40.67
2020-10-07,1.0,1.0,,41.99,39.95
2020-10-08,1.0,1.0,,43.34,41.19
2020-10-09,1.0,1.0,,42.85,40.6
2020-10-12,1.0,1.0,,41.72,39.43
2020-10-13,1.0,1.0,,42.45,40.2
2020-10-14,1.0,1.0,,43.32,41.04
2020-10-15,1.0,1.0,,43.16,40.96
2020-10-16,1.0,1.0,,42.93,40.88
2020-10-19,1.0,1.0,,42.62,40.83
2020-10-20,1.0,1.0,,43.16,41.46
2020-10-21,1.0,1.0,,41.73,40.03
2020-10-22,1.0,1.0,,42.46,40.64
2020-10-23,1.0,1.0,,41.77,39.85
2020-10-26,1.0,1.0,,40.46,38.56
2020-10-27,1.0,1.0,,41.2,39.57
2020-10-28,1.0,1.0,,39.12,37.39
2020-10-29,1.0,1.0,,37.65,36.17
2020-10-30,1.0,1.0,,37.46,35.79
2020-11-02,1.0,1.0,,38.97,36.81
2020-11-03,1.0,1.0,,39.71,37.66
2020-11-04,1.0,1.0,,41.23,39.15
2020-11-05,1.0,1.0,,40.93,38.79
2020-11-06,1.0,1.0,,39.45,37.14
2020-11-09,1.0,1.0,,42.4,40.29
2020-11-10,1.0,1.0,,43.61,41.36
2020-11-11,1.0,1.0,,43.8,41.45
2020-11-12,1.0,1.0,,43.53,41.12
2020-11-13,1.0,1.0,,42.78,40.13
2020-11-16,1.0,1.0,,43.82,41.34
2020-11-17,1.0,1.0,,43.75,41.43
2020-11-18,1.0,1.0,,44.34,41.82
2020-11-19,1.0,1.0,,44.2,41.74
2020-11-20,1.0,1.0,,44.96,42.15
2020-11-23,1.0,1.0,,46.06,43.06
2020-11-24,1.0,1.0,,47.86,44.91
2020-11-25,1.0,1.0,,48.61,45.71
2020-11-27,1.0,1.0,,48.18,45.53
2020-11-30,1.0,1.0,,47.59,45.34
2020-12-01,1.0,1.0,,47.42,44.55
2020-12-02,1.0,1.0,,48.25,45.28
2020-12-03,1.0,1.0,,48.71,45.64
2020-12-04,1.0,1.0,,49.25,46.26
2020-12-07,1.0,1.0,,48.79,45.76
2020-12-08,1.0,1.0,,48.84,45.6
2020-12-09,1.0,1.0,,48.86,45.52
2020-12-10,1.0,1.0,,50.25,46.78
2020-12-11,1.0,1.0,,49.97,46.57
2020-12-14,1.0,1.0,,50.29,46.99
2020-12-15,1.0,1.0,,50.76,47.62
2020-12-16,1.0,1.0,,51.08,47.82
2020-12-17,1.0,1.0,,51.5,48.36
2020-12-18,1.0,1.0,,52.26,49.1
2020-12-21,1.0,1.0,,50.91,47.74
2020-12-22,1.0,1.0,,50.08,47.02
2020-12-23,1.0,1.0,,51.2,48.12
2020-12-24,1.0,1.0,,51.29,48.23
2020-12-28,1.0,1.0,,50.86,47.62
2020-12-29,1.0,1.0,,51.09,48.0
2020-12-30,1.0,1.0,,51.34,48.4
2020-12-31,1.0,1.0,,51.8,48.52
2021-01-04,1.0,1.0,,51.09,47.62
2021-01-05,1.0,1.0,,53.6,49.93
2021-01-06,1.0,1.0,,54.3,50.63
2021-01-07,1.0,1.0,,54.38,50.83
2021-01-08,1.0,1.0,,55.99,52.24
2021-01-11,1.0,1.0,,55.66,52.25
2021-01-12,1.0,1.0,,56.58,53.21
2021-01-13,1.0,1.0,,56.06,52.91
2021-01-14,1.0,1.0,,56.42,53.57
2021-01-15,1.0,1.0,,55.1,52.36
2021-01-19,1.0,1.0,,55.9,52.98
2021-01-20,1.0,1.0,,56.08,53.24
2021-01-21,1.0,1.0,,56.1,53.13
2021-01-22,1.0,1.0,,55.41,52.27
2021-01-25,1.0,1.0,,55.88,52.77
2021-01-26,1.0,1.0,,55.91,52.61
2021-01-27,1.0,1.0,,55.81,52.85
2021-01-28,1.0,1.0,,55.53,52.34
2021-01-29,1.0,1.0,,55.88,52.2
2021-02-01,1.0,1.0,,56.35,53.55
2021-02-02,1.0,1.0,,57.46,54.76
2021-02-03,1.0,1.0,,58.46,55.69
2021-02-04,1.0,1.0,,58.84,56.23
2021-02-05,1.0,1.0,,59.34,56.85
2021-02-08,1.0,1.0,,60.56,57.97
2021-02-09,1.0,1.0,,61.09,58.36
2021-02-10,1.0,1.0,,61.47,58.68
2021-02-11,1.0,1.0,,61.14,58.24
2021-02-12,1.0,1.0,,62.43,59.47
2021-02-16,1.0,1.0,,63.35,60.05
2021-02-17,1.0,1.0,,64.34,61.14
2021-02-18,1.0,1.0,,63.93,60.52
2021-02-19,1.0,1.0,,62.91,59.24
2021-02-22,1.0,1.0,,65.24,61.49
2021-02-23,1.0,1.0,,65.37,61.67
2021-02-24,1.0,1.0,,67.04,63.22
2021-02-25,1.0,1.0,,66.88,63.53
2021-02-26,1.0,1.0,,66.13,61.5
2021-03-01,1.0,1.0,,63.69,60.64
2021-03-02,1.0,1.0,,62.7,59.75
2021-03-03,1.0,1.0,,64.07,61.28
2021-03-04,1.0,1.0,,66.74,63.83
2021-03-05,1.0,1.0,,69.36,66.09
2021-03-08,1.0,1.0,,68.24,65.05
2021-03-09,1.0,1.0,,67.52,64.01
2021-03-10,1.0,1.0,,67.9,64.44
2021-03-11,1.0,1.0,,69.63,66.02
2021-03-12,1.0,1.0,,69.22,65.61
2021-03-15,1.0,1.0,,68.88,65.39
2021-03-16,1.0,1.0,,68.39,64.8
2021-03-17,1.0,1.0,,68.0,64.6
2021-03-18,1.0,1.0,,63.28,60.0
2021-03-19,1.0,1.0,,64.53,61.42
2021-03-22,1.0,1.0,,64.62,61.55
2021-03-23,1.0,1.0,,60.79,57.76
2021-03-24,1.0,1.0,,64.41,61.18
2021-03-25,1.0,1.0,,61.95,58.56
2021-03-26,1.0,1.0,,64.57,60.97
2021-03-29,1.0,1.0,,64.98,61.56
2021-03-30,1.0,1.0,,64.14,60.55
2021-03-31,1.0,1.0,,63.54,59.16
2021-04-01,1.0,1.0,,64.86,61.45
2021-04-05,1.0,1.0,,62.15,58.65
2021-04-06,1.0,1.0,,62.74,59.33
2021-04-07,1.0,1.0,,63.16,59.77
2021-04-08,1.0,1.0,,63.2,59.6
2021-04-09,1.0,1.0,,62.95,59.32
2021-04-12,1.0,1.0,,63.28,59.7
2021-04-13,1.0,1.0,,63.67,60.18
2021-04-14,1.0,1.0,,66.58,63.15
2021-04-15,1.0,1.0,,66.94,63.46
2021-04-16,1.0,1.0,,66.77,63.13
2021-04-19,1.0,1.0,,67.05,63.38
2021-04-20,1.0,1.0,,66.57,62.44
2021-04-21,1.0,1.0,,65.32,61.35
2021-04-22,1.0,1.0,,65.4,61.43
2021-04-23,1.0,1.0,,66.11,62.14
2021-04-26,1.0,1.0,,65.65,61.91
2021-04-27,1.0,1.0,,66.42,62.94
2021-04-28,1.0,1.0,,67.27,63.86
2021-04-29,1.0,1.0,,68.56,65.01
2021-04-30,1.0,1.0,,67.25,63.58
2021-05-03,1.0,1.0,,67.56,64.49
2021-05-04,1.0,1.0,,68.88,65.69
2021-05-05,1.0,1.0,,68.96,65.63
2021-05-06,1.0,1.0,,68.09,64.71
2021-05-07,1.0,1.0,,68.28,64.9
2021-05-10,1.0,1.0,,68.32,64.92
2021-05-11,1.0,1.0,,68.55,65.28
2021-05-12,1.0,1.0,,69.32,66.08
2021-05-13,1.0,1.0,,67.05,63.82
2021-05-14,1.0,1.0,,68.71,65.37
2021-05-17,1.0,1.0,,69.46,66.27
2021-05-18,1.0,1.0,,68.71,65.49
2021-05-19,1.0,1.0,,66.66,63.36
2021-05-20,1.0,1.0,,65.11,62.05
2021-05-21,1.0,1.0,,66.44,63.58
2021-05-24,1.0,1.0,,68.46,66.05
2021-05-25,1.0,1.0,,68.65,66.07
2021-05-26,1.0,1.0,,68.87,66.21
2021-05-27,1.0,1.0,,69.46,66.85
2021-05-28,1.0,1.0,,69.63,66.32
2021-06-01,1.0,1.0,,70.25,67.72
2021-06-02,1.0,1.0,,71.35,68.83
2021-06-03,1.0,1.0,,71.31,68.81
2021-06-04,1.0,1.0,,71.89,69.62
2021-06-07,1.0,1.0,,71.49,69.23
2021-06-08,1.0,1.0,,72.22,70.05
2021-06-09,1.0,1.0,,72.22,69.96
2021-06-10,1.0,1.0,,72.52,70.29
2021-06-11,1.0,1.0,,72.69,70.91
2021-06-14,1.0,1.0,,72.86,70.88
2021-06-15,1.0,1.0,,73.99,72.12
2021-06-16,1.0,1.0,,74.39,72.15
2021-06-17,1.0,1.0,,73.08,71.04
2021-06-18,1.0,1.0,,73.51,71.64
2021-06-21,1.0,1.0,,74.9,73.66
2021-06-22,1.0,1.0,,74.81,73.06
2021-06-23,1.0,1.0,,75.19,73.08
2021-06-24,1.0,1.0,,75.56,73.3
2021-06-25,1.0,1.0,,76.18,74.05
2021-06-28,1.0,1.0,,74.68,72.91
2021-06-29,1.0,1.0,,74.76,72.98
2021-06-30,1.0,1.0,,75.13,73.47
2021-07-01,1.0,1.0,,75.84,75.23
2021-07-02,1.0,1.0,,76.17,75.16
2021-07-06,1.0,1.0,,74.53,73.37
2021-07-07,1.0,1.0,,73.43,72.2
2021-07-08,1.0,1.0,,74.12,72.94
2021-07-09,1.0,1.0,,75.55,74.56
2021-07-12,1.0,1.0,,75.16,74.1
2021-07-13,1.0,1.0,,76.49,75.25
2021-07-14,1.0,1.0,,74.76,73.13
2021-07-15,1.0,1.0,,73.47,71.65
2021-07-16,1.0,1.0,,73.59,71.81
2021-07-19,1.0,1.0,,68.62,66.42
2021-07-20,1.0,1.0,,69.35,67.42
2021-07-21,1.0,1.0,,72.23,70.3
2021-07-22,1.0,1.0,,73.79,71.91
2021-07-23,1.0,1.0,,74.1,72.07
2021-07-26,1.0,1.0,,74.5,71.91
2021-07-27,1.0,1.0,,74.48,71.65
2021-07-28,1.0,1.0,,74.74,72.39
2021-07-29,1.0,1.0,,76.05,73.62
2021-07-30,1.0,1.0,,76.33,73.95
2021-08-02,1.0,1.0,,72.89,71.26
2021-08-03,1.0,1.0,,72.41,70.56
2021-08-04,1.0,1.0,,70.38,68.15
2021-08-05,1.0,1.0,,71.29,69.09
2021-08-06,1.0,1.0,,70.7,68.28
2021-08-09,1.0,1.0,,69.04,66.48
2021-08-10,1.0,1.0,,70.63,68.29
2021-08-11,1.0,1.0,,71.44,69.25
2021-08-12,1.0,1.0,,71.31,69.09
2021-08-13,1.0,1.0,,70.59,68.44
2021-08-16,1.0,1.0,,69.51,67.29
2021-08-17,1.0,1.0,,69.03,66.59
2021-08-18,1.0,1.0,,68.23,65.46
2021-08-19,1.0,1.0,,66.45,63.69
2021-08-20,1.0,1.0,,65.18,62.32
2021-08-23,1.0,1.0,,68.75,65.64
2021-08-24,1.0,1.0,,71.05,67.54
2021-08-25,1.0,1.0,,72.25,68.36
2021-08-26,1.0,1.0,,71.07,67.42
2021-08-27,1.0,1.0,,72.7,68.74
2021-08-30,1.0,1.0,,73.41,69.21
2021-08-31,1.0,1.0,,72.99,68.5
2021-09-01,1.0,1.0,,71.59,68.59
2021-09-02,1.0,1.0,,73.03,69.99
2021-09-03,1.0,1.0,,72.61,69.29
2021-09-07,1.0,1.0,,71.69,68.35
2021-09-08,1.0,1.0,,72.6,69.3
2021-09-09,1.0,1.0,,71.45,68.14
2021-09-10,1.0,1.0,,72.92,69.72
2021-09-13,1.0,1.0,,73.51,70.45
2021-09-14,1.0,1.0,,73.6,70.46
2021-09-15,1.0,1.0,,75.46,72.61
2021-09-16,1.0,1.0,,75.67,72.61
2021-09-17,1.0,1.0,,75.34,71.97
2021-09-20,1.0,1.0,,73.92,70.29
2021-09-21,1.0,1.0,,74.36,70.56
2021-09-22,1.0,1.0,,76.19,72.23
2021-09-23,1.0,1.0,,77.25,73.3
2021-09-24,1.0,1.0,,78.09,73.98
2021-09-27,1.0,1.0,,79.53,75.45
2021-09-28,1.0,1.0,,79.09,75.29
2021-09-29,1.0,1.0,,78.64,74.83
2021-09-30,1.0,1.0,,78.52,75.03
2021-10-01,1.0,1.0,,79.28,75.88
2021-10-04,1.0,1.0,,81.26,77.62
2021-10-05,1.0,1.0,,82.56,78.93
2021-10-06,1.0,1.0,,81.08,77.43
2021-10-07,1.0,1.0,,81.95,78.3
2021-10-08,1.0,1.0,,82.39,79.35
2021-10-11,1.0,1.0,,83.65,80.52
2021-10-12,1.0,1.0,,83.42,80.64
2021-10-13,1.0,1.0,,83.18,80.44
2021-10-14,1.0,1.0,,84.0,81.31
2021-10-15,1.0,1.0,,84.86,82.28
2021-10-18,1.0,1.0,,84.33,82.44
2021-10-19,1.0,1.0,,85.08,82.96
2021-10-20,1.0,1.0,,85.82,83.87
2021-10-21,1.0,1.0,,84.61,82.5
2021-10-22,1.0,1.0,,85.53,83.76
2021-10-25,1.0,1.0,,85.99,83.76
2021-10-26,1.0,1.0,,86.4,84.65
2021-10-27,1.0,1.0,,84.58,82.66
2021-10-28,1.0,1.0,,84.32,82.81
2021-10-29,1.0,1.0,,84.38,83.57
2021-11-01,1.0,1.0,,84.71,84.05
2021-11-02,1.0,1.0,,84.72,83.91
2021-11-03,1.0,1.0,,81.99,80.86
2021-11-04,1.0,1.0,,80.54,78.81
2021-11-05,1.0,1.0,,82.74,81.27
2021-11-08,1.0,1.0,,83.43,81.93
2021-11-09,1.0,1.0,0.992,84.78,84.15
2021-11-10,1.0,1.0,0.992,82.64,81.34
2021-11-11,1.0,1.0,0.992,82.87,81.59
2021-11-12,1.0,1.0,0.992,82.17,80.79
2021-11-15,1.0,1.0,0.992,82.05,80.88
2021-11-16,1.0,1.0,0.992,82.43,80.76
2021-11-17,1.0,1.0,0.992,80.28,78.36
2021-11-18,1.0,1.0,0.992,81.24,79.01
2021-11-19,1.0,1.0,0.992,78.89,76.1
2021-11-22,1.0,1.0,0.992,79.7,76.75
2021-11-23,1.0,1.0,0.983,82.31,78.5
2021-11-24,1.0,1.0,0.983,82.25,78.39
2021-11-26,1.0,1.0,0.983,72.72,68.15
2021-11-29,1.0,1.0,0.983,73.44,69.95
2021-11-30,1.0,1.0,0.983,70.57,66.18
2021-12-01,1.0,1.0,0.983,68.87,65.57
2021-12-02,1.0,1.0,0.983,69.67,66.5
2021-12-03,1.0,1.0,0.983,69.88,66.26
2021-12-06,1.0,1.0,0.983,73.08,69.49
2021-12-07,1.0,1.0,0.938,75.44,72.05
2021-12-08,1.0,1.0,0.938,75.82,72.36
2021-12-09,1.0,1.0,0.938,74.42,70.94
2021-12-10,1.0,1.0,0.938,75.15,71.67
2021-12-13,1.0,1.0,0.938,74.39,71.29
2021-12-14,1.0,1.0,0.938,73.7,70.73
2021-12-15,1.0,1.0,0.938,73.88,70.87
2021-12-16,1.0,1.0,0.938,75.02,72.38
2021-12-17,1.0,1.0,0.938,73.52,70.86
2021-12-20,1.0,1.0,0.938,71.52,68.23
2021-12-21,1.0,1.0,0.949,73.98,71.12
2021-12-22,1.0,1.0,0.949,75.29,72.76
2021-12-23,1.0,1.0,0.949,76.85,73.79
2021-12-27,1.0,1.0,0.949,78.6,75.57
2021-12-28,1.0,1.0,0.949,78.94,75.98
2021-12-29,1.0,1.0,0.949,79.23,76.56
2021-12-30,1.0,1.0,0.949,79.32,76.99
2021-12-31,1.0,1.0,0.949,77.78,75.21
2022-01-03,1.0,1.0,0.949,78.98,76.08
2022-01-04,1.0,1.0,0.958,80.0,76.99
2022-01-05,1.0,1.0,0.958,80.8,77.85
2022-01-06,1.0,1.0,0.958,81.99,79.46
2022-01-07,1.0,1.0,0.958,81.75,78.9
2022-01-10,1.0,1.0,0.958,80.87,78.23
2022-01-11,1.0,1.0,0.958,83.72,81.22
2022-01-12,1.0,1.0,0.958,84.67,82.64
2022-01-13,1.0,1.0,0.958,84.47,82.12
2022-01-14,1.0,1.0,0.958,86.06,83.82
2022-01-18,1.0,1.0,1.015,87.51,85.43
2022-01-19,1.0,1.0,1.015,88.44,86.96
2022-01-20,1.0,1.0,1.015,88.38,86.9
2022-01-21,1.0,1.0,1.015,87.89,85.14
2022-01-24,1.0,1.0,1.015,86.27,83.31
2022-01-25,1.0,1.0,1.015,88.2,85.6
2022-01-26,1.0,1.0,1.015,89.96,87.35
2022-01-27,1.0,1.0,1.015,89.34,86.61
2022-01-28,1.0,1.0,1.015,90.03,86.82
2022-01-31,1.0,1.0,1.015,91.21,88.15
2022-02-01,1.0,1.0,0.965,89.16,88.2
2022-02-02,1.0,1.0,0.965,89.47,88.26
2022-02-03,1.0,1.0,0.965,91.11,90.27
2022-02-04,1.0,1.0,0.965,93.27,92.31
2022-02-07,1.0,1.0,0.965,92.69,91.32
2022-02-08,1.0,1.0,0.965,90.78,89.36
2022-02-09,1.0,1.0,0.965,91.55,89.66
2022-02-10,1.0,1.0,0.965,91.41,89.88
2022-02-11,1.0,1.0,0.965,94.44,93.1
2022-02-14,1.0,1.0,0.965,96.48,95.46
2022-02-15,1.0,1.0,0.994,93.28,92.07
2022-02-16,1.0,1.0,0.994,94.81,93.66
2022-02-17,1.0,1.0,0.994,92.97,91.76
2022-02-18,1.0,1.0,0.994,93.54,91.07
2022-02-22,1.0,1.0,0.994,96.84,92.35
2022-02-23,1.0,1.0,0.994,96.84,92.1
2022-02-24,1.0,1.0,0.994,99.08,92.81
2022-02-25,1.0,1.0,0.994,97.93,91.59
2022-02-28,1.0,1.0,0.994,100.99,95.72
2022-03-01,1.0,1.0,1.018,104.97,103.41
2022-03-02,1.0,1.0,1.018,112.93,110.6
2022-03-03,1.0,1.0,1.018,110.46,107.67
2022-03-04,1.0,1.0,1.018,118.11,115.68
2022-03-07,1.0,1.0,1.018,123.21,119.4
2022-03-08,1.0,1.0,1.018,127.98,123.7
2022-03-09,1.0,1.0,1.018,111.14,108.7
2022-03-10,1.0,1.0,1.018,109.33,106.02
2022-03-11,1.0,1.0,1.018,112.67,109.33
2022-03-14,1.0,1.0,1.018,106.9,103.01
2022-03-15,1.503,1.541,1.264,99.91,96.44
2022-03-16,1.503,1.541,1.264,98.02,95.04
2022-03-17,1.503,1.541,1.264,106.64,102.98
2022-03-18,1.503,1.541,1.264,107.93,104.7
2022-03-21,1.503,1.541,1.264,115.62,112.12
2022-03-22,1.503,1.541,1.264,115.48,111.76
2022-03-23,1.503,1.541,1.264,121.6,114.93
2022-03-24,1.503,1.541,1.264,119.03,112.34
2022-03-25,1.503,1.541,1.264,120.65,113.9
2022-03-28,1.503,1.541,1.264,112.48,105.96
2022-03-29,1.503,1.541,1.269,110.23,104.24
2022-03-30,1.503,1.541,1.269,113.45,107.82
2022-03-31,1.503,1.541,1.269,107.91,100.28
2022-04-01,1.503,1.541,1.269,104.39,99.27
2022-04-04,1.503,1.541,1.269,107.53,103.28
2022-04-05,1.503,1.541,1.269,106.64,101.96
2022-04-06,1.503,1.541,1.269,101.07,96.23
2022-04-07,1.503,1.541,1.269,100.58,96.03
2022-04-08,1.503,1.541,1.269,102.78,98.26
2022-04-11,1.503,1.541,1.269,98.48,94.29
2022-04-12,1.503,1.541,1.258,104.64,100.6
2022-04-13,1.503,1.541,1.258,108.78,104.25
2022-04-14,1.503,1.541,1.258,111.7,106.95
2022-04-18,1.503,1.541,1.258,113.16,108.21
2022-04-19,1.503,1.541,1.258,107.25,102.56
2022-04-20,1.503,1.541,1.258,106.8,102.75
2022-04-21,1.503,1.541,1.258,108.33,103.79
2022-04-22,1.503,1.541,1.258,106.65,102.07
2022-04-25,1.503,1.541,1.258,102.32,98.54
2022-04-26,1.503,1.541,1.316,104.99,101.7
2022-04-27,1.503,1.541,1.316,105.32,102.02
2022-04-28,1.503,1.541,1.316,107.59,105.36
2022-04-29,1.503,1.541,1.316,109.34,104.69
2022-05-02,1.503,1.541,1.316,107.58,105.17
2022-05-03,1.503,1.541,1.316,104.97,102.41
2022-05-04,1.503,1.541,1.316,110.14,107.81
2022-05-05,1.503,1.541,1.316,110.9,108.26
2022-05-06,1.503,1.541,1.316,112.39,109.77
2022-05-09,1.503,1.541,1.316,105.94,103.09
2022-05-10,1.503,1.541,1.374,102.46,99.76
2022-05-11,1.56,1.668,1.374,107.51,105.71
2022-05-12,1.56,1.668,1.374,107.45,106.13
2022-05-13,1.56,1.668,1.374,111.55,110.49
2022-05-16,1.56,1.668,1.374,114.24,114.2
2022-05-17,1.56,1.668,1.374,111.93,112.4
2022-05-18,1.56,1.668,1.374,109.11,109.59
2022-05-19,1.56,1.668,1.374,112.04,112.21
2022-05-20,1.56,1.668,1.374,112.55,113.23
2022-05-23,1.56,1.668,1.374,113.42,110.29
2022-05-24,1.56,1.668,1.374,113.56,109.77
2022-05-25,1.56,1.668,1.374,114.03,110.33
2022-05-26,1.56,1.668,1.374,117.4,114.09
2022-05-27,1.56,1.668,1.374,119.43,115.07
2022-05-31,1.56,1.668,1.374,122.84,114.67
2022-06-01,1.56,1.668,1.374,116.29,115.26
2022-06-02,1.56,1.668,1.374,117.61,116.87
2022-06-03,1.56,1.668,1.374,119.72,118.87
2022-06-06,1.56,1.668,1.374,119.51,118.5
2022-06-07,1.56,1.668,1.374,120.57,119.41
2022-06-08,1.56,1.668,1.374,123.58,122.11
2022-06-09,1.56,1.668,1.374,123.07,121.51
2022-06-10,1.56,1.668,1.374,122.01,120.67
2022-06-13,1.56,1.668,1.374,122.27,120.93
2022-06-14,1.56,1.668,1.374,121.17,118.93
2022-06-15,1.56,1.668,1.374,118.51,115.31
2022-06-16,1.56,1.668,1.374,119.81,117.59
2022-06-17,1.56,1.668,1.374,113.12,109.56
2022-06-21,1.755,1.848,1.374,114.65,110.65
2022-06-22,1.755,1.848,1.374,111.74,106.19
2022-06-23,1.755,1.848,1.374,110.05,104.27
2022-06-24,1.755,1.848,1.374,113.12,107.62
2022-06-27,1.755,1.848,1.374,115.09,109.57
2022-06-28,1.755,1.848,1.374,117.98,111.76
2022-06-29,1.755,1.848,1.374,116.26,109.78
2022-06-30,1.755,1.848,1.374,114.81,105.76
2022-07-01,1.755,1.848,1.374,111.63,108.43
2022-07-05,1.723,1.808,1.374,102.77,99.5
2022-07-06,1.723,1.808,1.374,100.69,98.53
2022-07-07,1.723,1.808,1.374,104.65,102.73
2022-07-08,1.723,1.808,1.374,107.02,104.79
2022-07-11,1.723,1.808,1.374,107.1,104.09
2022-07-12,1.723,1.808,1.374,99.49,95.84
2022-07-13,1.723,1.808,1.374,99.57,96.3
2022-07-14,1.723,1.808,1.374,99.1,95.78
2022-07-15,1.723,1.808,1.374,101.16,97.59
2022-07-18,1.723,1.808,1.374,106.27,102.6
2022-07-19,1.62,1.7,1.374,107.35,104.22
2022-07-20,1.62,1.7,1.374,106.92,102.26
2022-07-21,1.62,1.7,1.374,103.86,96.35
2022-07-22,1.62,1.7,1.374,103.2,94.7
2022-07-25,1.62,1.7,1.374,105.15,96.7
2022-07-26,1.62,1.7,1.374,104.4,94.98
2022-07-27,1.62,1.7,1.374,106.62,97.26
2022-07-28,1.62,1.7,1.374,107.14,96.42
2022-07-29,1.62,1.7,1.374,110.01,98.62
2022-08-01,1.62,1.7,1.374,100.03,93.89
2022-08-02,1.534,1.676,1.374,100.54,94.42
2022-08-03,1.534,1.676,1.374,96.78,90.66
2022-08-04,1.534,1.676,1.374,94.12,88.54
2022-08-05,1.534,1.676,1.374,94.92,89.01
2022-08-08,1.534,1.676,1.374,96.65,90.76
2022-08-09,1.534,1.676,1.374,96.31,90.5
2022-08-10,1.534,1.676,1.374,97.4,91.93
2022-08-11,1.534,1.676,1.374,99.6,94.34
2022-08-12,1.534,1.676,1.374,98.15,92.09
2022-08-15,1.534,1.676,1.374,95.1,89.41
2022-08-16,1.534,1.676,1.374,92.34,86.53
2022-08-17,1.49,1.641,1.374,93.65,88.11
2022-08-18,1.49,1.641,1.374,96.59,90.5
2022-08-19,1.49,1.641,1.374,96.72,90.77
2022-08-22,1.49,1.641,1.374,96.48,90.23
2022-08-23,1.49,1.641,1.374,100.22,93.74
2022-08-24,1.49,1.641,1.374,101.22,94.89
2022-08-25,1.49,1.641,1.374,99.34,92.52
2022-08-26,1.49,1.641,1.374,100.99,93.06
2022-08-29,1.49,1.641,1.374,105.09,97.01
2022-08-30,1.491,1.767,1.374,99.31,91.64
2022-08-31,1.491,1.767,1.374,96.49,89.55
2022-09-01,1.491,1.767,1.374,92.36,86.61
2022-09-02,1.491,1.767,1.374,93.02,86.87
2022-09-06,1.491,1.767,1.374,92.83,86.88
2022-09-07,1.491,1.767,1.374,88.0,81.94
2022-09-08,1.491,1.767,1.374,89.15,83.54
2022-09-09,1.491,1.767,1.374,92.84,86.79
2022-09-12,1.491,1.767,1.374,94.0,87.78
2022-09-13,1.354,1.683,1.366,93.17,87.31
2022-09-14,1.354,1.683,1.366,94.1,88.48
2022-09-15,1.354,1.683,1.366,90.84,85.1
2022-09-16,1.354,1.683,1.366,91.35,85.11
2022-09-19,1.354,1.683,1.366,92.0,85.73
2022-09-20,1.354,1.683,1.366,90.62,84.45
2022-09-21,1.354,1.683,1.366,89.83,82.94
2022-09-22,1.354,1.683,1.366,90.46,83.49
2022-09-23,1.354,1.683,1.366,86.15,78.74
2022-09-26,1.354,1.683,1.366,84.06,76.71
2022-09-27,1.353,1.603,1.287,86.27,78.5
2022-09-28,1.353,1.603,1.287,89.32,82.15
2022-09-29,1.353,1.603,1.287,88.49,81.23
2022-09-30,1.353,1.603,1.287,87.96,79.49
2022-10-03,1.353,1.603,1.287,88.86,83.63
2022-10-04,1.353,1.603,1.287,91.8,86.52
2022-10-05,1.353,1.603,1.287,93.37,87.76
2022-10-06,1.353,1.603,1.287,94.42,88.45
2022-10-07,1.353,1.603,1.287,97.92,92.64
2022-10-10,1.353,1.603,1.287,96.19,91.13
2022-10-11,1.414,1.684,1.367,94.29,89.35
2022-10-12,1.414,1.684,1.367,92.45,87.27
2022-10-13,1.414,1.684,1.367,94.57,89.11
2022-10-14,1.414,1.684,1.367,91.63,85.61
2022-10-17,1.414,1.684,1.367,91.62,85.46
2022-10-18,1.414,1.684,1.367,90.03,82.82
2022-10-19,1.414,1.684,1.367,92.41,85.55
2022-10-20,1.414,1.684,1.367,92.38,85.98
2022-10-21,1.414,1.684,1.367,93.5,85.05
2022-10-24,1.414,1.684,1.367,93.26,84.58
2022-10-25,1.43,1.775,1.459,93.52,85.32
2022-10-26,1.43,1.775,1.459,95.69,87.91
2022-10-27,1.43,1.775,1.459,96.96,89.08
2022-10-28,1.43,1.775,1.459,95.77,87.9
2022-10-31,1.43,1.775,1.459,94.83,86.53
2022-11-01,1.43,1.775,1.459,94.65,88.37
2022-11-02,1.43,1.775,1.459,96.16,90.0
2022-11-03,1.43,1.775,1.459,94.67,88.17
2022-11-04,1.43,1.775,1.459,98.57,92.61
2022-11-07,1.43,1.775,1.459,97.92,91.79
2022-11-08,1.482,1.718,1.401,95.36,88.91
2022-11-09,1.482,1.718,1.401,92.65,85.83
2022-11-10,1.482,1.718,1.401,93.67,86.47
2022-11-11,1.482,1.718,1.401,95.99,88.96
2022-11-14,1.482,1.718,1.401,93.14,85.87
2022-11-15,1.482,1.718,1.401,93.86,86.92
2022-11-16,1.482,1.718,1.401,92.86,85.59
2022-11-17,1.482,1.718,1.401,89.78,81.64
2022-11-18,1.482,1.718,1.401,87.62,80.08
2022-11-21,1.482,1.718,1.401,87.45,79.73
2022-11-22,1.464,1.623,1.306,88.36,80.95
2022-11-23,1.464,1.623,1.306,85.41,77.94
2022-11-25,1.464,1.623,1.306,83.63,76.28
2022-11-28,1.464,1.623,1.306,83.19,77.24
2022-11-29,1.464,1.623,1.306,83.03,78.2
2022-11-30,1.464,1.623,1.306,85.43,80.55
2022-12-01,1.464,1.623,1.306,86.88,81.22
2022-12-02,1.464,1.623,1.306,85.57,79.98
2022-12-05,1.464,1.623,1.306,82.68,76.93
2022-12-06,1.366,1.556,1.192,79.35,74.25
2022-12-07,1.366,1.556,1.192,77.17,72.01
2022-12-08,1.366,1.556,1.192,76.15,71.46
2022-12-09,1.366,1.556,1.192,76.1,71.02
2022-12-12,1.366,1.556,1.192,77.99,73.17
2022-12-13,1.366,1.556,1.192,80.68,75.39
2022-12-14,1.366,1.556,1.192,82.7,77.28
2022-12-15,1.366,1.556,1.192,81.21,76.11
2022-12-16,1.366,1.556,1.192,79.04,74.29
2022-12-19,1.366,1.556,1.192,79.8,75.19
2022-12-20,1.242,1.467,1.095,79.99,76.09
2022-12-21,1.242,1.467,1.095,82.2,78.29
2022-12-22,1.242,1.467,1.095,80.98,77.49
2022-12-23,1.242,1.467,1.095,83.92,79.56
2022-12-27,1.242,1.467,1.095,84.33,79.53
2022-12-28,1.242,1.467,1.095,83.26,78.96
2022-12-29,1.242,1.467,1.095,82.26,78.4
2022-12-30,1.242,1.467,1.095,85.91,80.26
2023-01-03,1.242,1.467,1.095,82.1,76.93
2023-01-04,1.276,1.483,1.115,77.84,72.84
2023-01-05,1.276,1.483,1.115,78.69,73.67
2023-01-06,1.276,1.483,1.115,78.57,73.77
2023-01-09,1.276,1.483,1.115,79.65,74.63
2023-01-10,1.276,1.483,1.115,80.1,75.12
2023-01-11,1.276,1.483,1.115,82.67,77.41
2023-01-12,1.276,1.483,1.115,84.03,78.39
2023-01-13,1.276,1.483,1.115,85.28,79.86
2023-01-17,1.288,1.483,1.115,85.92,80.18
2023-01-18,1.288,1.483,1.115,84.98,79.48
2023-01-19,1.288,1.483,1.115,86.16,80.33
2023-01-20,1.288,1.483,1.115,87.63,81.31
2023-01-23,1.288,1.483,1.115,88.19,81.62
2023-01-24,1.288,1.483,1.115,86.13,80.13
2023-01-25,1.288,1.483,1.115,86.12,80.15
2023-01-26,1.288,1.483,1.115,87.47,81.01
2023-01-27,1.288,1.483,1.115,86.66,79.68
2023-01-30,1.288,1.483,1.115,84.9,77.9
2023-01-31,1.355,1.529,1.151,84.49,78.87
2023-02-01,1.355,1.529,1.151,82.84,76.41
2023-02-02,1.355,1.529,1.151,82.17,75.88
2023-02-03,1.355,1.529,1.151,79.94,73.39
2023-02-06,1.355,1.529,1.151,80.99,74.11
2023-02-07,1.355,1.529,1.151,83.69,77.14
2023-02-08,1.355,1.529,1.151,85.09,78.47
2023-02-09,1.355,1.529,1.151,84.5,78.06
2023-02-10,1.355,1.529,1.151,86.39,79.72
2023-02-13,1.355,1.529,1.151,86.61,80.14
2023-02-14,1.355,1.489,1.083,85.58,79.06
2023-02-15,1.355,1.489,1.083,85.38,78.59
2023-02-16,1.355,1.489,1.083,85.14,78.49
2023-02-17,1.355,1.489,1.083,83.0,76.34
2023-02-21,1.355,1.489,1.083,83.05,76.16
2023-02-22,1.355,1.489,1.083,80.6,73.95
2023-02-23,1.355,1.489,1.083,82.21,75.39
2023-02-24,1.355,1.489,1.083,83.16,76.32
2023-02-27,1.355,1.489,1.083,82.45,75.68
2023-02-28,1.359,1.489,1.078,83.89,77.05
2023-03-01,1.359,1.489,1.078,84.31,77.69
2023-03-02,1.359,1.489,1.078,84.75,78.16
2023-03-03,1.359,1.489,1.078,85.83,79.68
2023-03-06,1.359,1.489,1.078,86.18,80.46
2023-03-07,1.359,1.489,1.078,83.29,77.58
2023-03-08,1.359,1.489,1.078,82.66,76.66
2023-03-09,1.359,1.489,1.078,81.59,75.72
2023-03-10,1.359,1.489,1.078,82.78,76.68
2023-03-13,1.359,1.489,1.078,80.77,74.8
2023-03-14,1.374,1.504,1.097,77.45,71.33
2023-03-15,1.374,1.504,1.097,73.69,67.61
2023-03-16,1.374,1.504,1.097,74.7,68.35
2023-03-17,1.374,1.504,1.097,72.97,66.74
2023-03-20,1.374,1.504,1.097,73.79,67.64
2023-03-21,1.374,1.504,1.097,75.32,69.33
2023-03-22,1.374,1.504,1.097,76.69,70.9
2023-03-23,1.374,1.504,1.097,75.91,69.96
2023-03-24,1.374,1.504,1.097,74.99,69.26
2023-03-27,1.374,1.504,1.097,78.12,72.81
2023-03-28,1.374,1.449,1.043,78.65,73.2
2023-03-29,1.374,1.449,1.043,78.28,72.97
2023-03-30,1.374,1.449,1.043,79.27,74.37
2023-03-31,1.374,1.449,1.043,79.77,75.67
2023-04-03,1.374,1.449,1.043,84.93,80.42
2023-04-04,1.374,1.449,1.043,84.94,80.71
2023-04-05,1.374,1.449,1.043,84.99,80.61
2023-04-06,1.374,1.449,1.043,85.12,80.7
2023-04-10,1.374,1.449,1.043,84.18,79.74
2023-04-11,1.374,1.449,1.043,85.61,81.53
2023-04-12,1.416,1.441,1.033,87.33,83.26
2023-04-13,1.416,1.441,1.033,86.09,82.16
2023-04-14,1.416,1.441,1.033,86.31,82.52
2023-04-17,1.416,1.441,1.033,84.76,80.83
2023-04-18,1.416,1.441,1.033,84.77,80.86
2023-04-19,1.416,1.441,1.033,83.12,79.16
2023-04-20,1.416,1.441,1.033,81.1,77.29
2023-04-21,1.416,1.441,1.033,81.66,77.87
2023-04-24,1.416,1.441,1.033,82.73,78.76
2023-04-25,1.416,1.441,1.022,80.77,77.07
2023-04-26,1.416,1.441,1.022,77.69,74.3
2023-04-27,1.416,1.441,1.022,78.37,74.76
2023-04-28,1.416,1.441,1.022,79.54,76.78
2023-05-01,1.416,1.441,1.022,79.31,75.66
2023-05-02,1.416,1.441,1.022,75.32,71.66
2023-05-03,1.416,1.441,1.022,72.33,68.6
2023-05-04,1.416,1.441,1.022,72.5,68.56
2023-05-05,1.416,1.441,1.022,75.3,71.34
2023-05-08,1.416,1.441,1.022,77.01,73.16
2023-05-09,1.39,1.421,1.001,77.44,73.71
2023-05-10,1.39,1.421,1.001,76.41,72.56
2023-05-11,1.39,1.421,1.001,74.98,70.87
2023-05-12,1.39,1.421,1.001,74.17,70.04
2023-05-15,1.39,1.421,1.001,75.23,71.11
2023-05-16,1.39,1.421,1.001,74.91,70.86
2023-05-17,1.39,1.421,1.001,76.96,72.83
2023-05-18,1.39,1.421,1.001,75.86,71.86
2023-05-19,1.39,1.421,1.001,75.58,71.55
2023-05-22,1.39,1.421,1.001,75.99,71.99
2023-05-23,1.382,1.426,1.01,76.84,72.91
2023-05-24,1.382,1.426,1.01,78.36,74.34
2023-05-25,1.382,1.426,1.01,76.26,71.83
2023-05-26,1.382,1.426,1.01,76.95,72.67
2023-05-30,1.382,1.426,1.01,73.54,69.46
2023-05-31,1.382,1.426,1.01,72.66,68.09
2023-06-01,1.382,1.426,1.01,74.28,70.1
2023-06-02,1.382,1.426,1.01,76.13,71.74
2023-06-05,1.382,1.426,1.01,76.71,72.15
2023-06-06,1.412,1.432,1.02,76.29,71.74
2023-06-07,1.412,1.432,1.02,76.95,72.53
2023-06-08,1.412,1.432,1.02,75.96,71.29
2023-06-09,1.412,1.432,1.02,74.79,70.17
2023-06-12,1.412,1.432,1.02,71.84,67.12
2023-06-13,1.412,1.432,1.02,74.29,69.42
2023-06-14,1.412,1.432,1.02,73.2,68.27
2023-06-15,1.412,1.432,1.02,75.67,70.62
2023-06-16,1.412,1.432,1.02,76.61,71.78
2023-06-20,1.424,1.461,1.04,75.9,70.5
2023-06-21,1.424,1.461,1.04,77.12,72.53
2023-06-22,1.424,1.461,1.04,74.14,69.51
2023-06-23,1.424,1.461,1.04,73.85,69.16
2023-06-26,1.424,1.461,1.04,74.18,69.37
2023-06-27,1.424,1.461,1.04,72.26,67.7
2023-06-28,1.424,1.461,1.04,74.03,69.56
2023-06-29,1.424,1.461,1.04,74.34,69.86
2023-06-30,1.424,1.461,1.04,74.9,70.64
2023-07-03,1.424,1.461,1.04,74.65,69.79
2023-07-05,1.444,1.481,1.06,76.65,71.79
2023-07-06,1.444,1.481,1.06,76.52,71.8
2023-07-07,1.444,1.481,1.06,78.47,73.86
2023-07-10,1.444,1.481,1.06,77.69,72.99
2023-07-11,1.444,1.481,1.06,79.4,74.83
2023-07-12,1.444,1.481,1.06,80.11,75.75
2023-07-13,1.444,1.481,1.06,81.36,76.89
2023-07-14,1.444,1.481,1.06,79.87,75.42
2023-07-17,1.444,1.481,1.06,78.5,74.15
2023-07-18,1.456,1.504,1.081,79.63,75.75
2023-07-19,1.456,1.504,1.081,79.46,75.35
2023-07-20,1.456,1.504,1.081,79.64,75.63
2023-07-21,1.456,1.504,1.081,81.07,77.07
2023-07-24,1.456,1.504,1.081,82.74,78.74
2023-07-25,1.456,1.504,1.081,83.64,79.63
2023-07-26,1.456,1.504,1.081,82.92,78.78
2023-07-27,1.456,1.504,1.081,84.24,80.09
2023-07-28,1.456,1.504,1.081,84.99,80.58
2023-07-31,1.456,1.504,1.081,85.56,81.8
2023-08-01,1.511,1.558,1.13,84.91,81.37
2023-08-02,1.511,1.558,1.13,83.2,79.49
2023-08-03,1.511,1.558,1.13,85.14,81.55
2023-08-04,1.511,1.558,1.13,86.24,82.82
2023-08-07,1.511,1.558,1.13,85.34,81.94
2023-08-08,1.511,1.558,1.13,86.17,82.92
2023-08-09,1.511,1.558,1.13,87.55,84.4
2023-08-10,1.511,1.558,1.13,86.4,82.82
2023-08-11,1.511,1.558,1.13,86.81,83.19
2023-08-14,1.511,1.558,1.13,86.21,82.51
2023-08-15,1.511,1.558,1.13,84.89,80.99
2023-08-16,1.511,1.558,1.13,83.45,79.38
2023-08-17,1.511,1.558,1.144,84.12,80.39
2023-08-18,1.511,1.558,1.144,84.8,81.25
2023-08-21,1.511,1.558,1.144,84.46,80.72
2023-08-22,1.511,1.558,1.144,84.03,80.35
2023-08-23,1.511,1.558,1.144,83.21,78.89
2023-08-24,1.511,1.558,1.144,83.36,79.05
2023-08-25,1.511,1.558,1.144,84.48,79.83
2023-08-28,1.511,1.558,1.144,84.42,80.1
2023-08-29,1.544,1.572,1.156,85.49,81.16
2023-08-30,1.544,1.572,1.156,85.86,81.63
2023-08-31,1.544,1.572,1.156,86.86,83.63
2023-09-01,1.544,1.572,1.156,88.55,85.55
2023-09-05,1.544,1.572,1.156,90.04,86.69
2023-09-06,1.544,1.572,1.156,90.6,87.54
2023-09-07,1.544,1.572,1.156,89.92,86.87
2023-09-08,1.544,1.572,1.156,90.65,87.51
2023-09-11,1.544,1.572,1.156,90.64,87.29
2023-09-12,1.551,1.6,1.181,92.06,88.84
2023-09-13,1.551,1.6,1.181,91.88,88.52
2023-09-14,1.551,1.6,1.181,93.7,90.16
2023-09-15,1.551,1.6,1.181,93.93,90.77
2023-09-18,1.551,1.6,1.181,94.43,91.48
2023-09-19,1.551,1.6,1.181,94.34,91.2
2023-09-20,1.551,1.6,1.181,93.53,90.28
2023-09-21,1.551,1.6,1.181,93.3,89.63
2023-09-22,1.551,1.6,1.181,93.27,90.03
2023-09-25,1.551,1.6,1.181,93.29,89.68
2023-09-26,1.588,1.664,1.249,93.96,90.39
2023-09-27,1.588,1.664,1.249,96.55,93.68
2023-09-28,1.588,1.664,1.249,95.38,91.71
2023-09-29,1.588,1.664,1.249,95.31,90.79
2023-10-02,1.588,1.664,1.249,90.71,88.82
2023-10-03,1.588,1.664,1.249,90.92,89.23
2023-10-04,1.588,1.664,1.249,85.81,84.22
2023-10-05,1.588,1.664,1.249,84.07,82.31
2023-10-06,1.588,1.664,1.249,84.58,82.79
2023-10-09,1.588,1.664,1.249,88.15,86.38
2023-10-10,1.536,1.651,1.233,87.65,85.97
2023-10-11,1.536,1.651,1.233,85.82,83.49
2023-10-12,1.536,1.651,1.233,86.0,82.91
2023-10-13,1.536,1.651,1.233,90.89,87.69
2023-10-16,1.536,1.651,1.233,89.65,86.66
2023-10-17,1.536,1.651,1.233,89.9,86.66
2023-10-18,1.536,1.651,1.233,91.5,88.32
2023-10-19,1.536,1.651,1.233,92.38,89.37
2023-10-20,1.536,1.651,1.233,92.16,88.75
2023-10-23,1.536,1.651,1.233,89.83,85.49
2023-10-24,1.536,1.651,1.233,88.07,83.74
2023-10-25,1.536,1.651,1.233,90.13,85.39
2023-10-26,1.536,1.651,1.233,87.93,83.21
2023-10-27,1.536,1.651,1.233,90.48,85.54
2023-10-30,1.536,1.651,1.233,87.45,82.31
2023-10-31,1.536,1.651,1.233,87.41,81.02
2023-11-01,1.536,1.651,1.233,84.63,80.44
2023-11-02,1.536,1.651,1.233,86.85,82.46
2023-11-03,1.536,1.651,1.233,84.89,80.51
2023-11-06,1.536,1.651,1.233,85.18,80.82
2023-11-07,1.534,1.608,1.195,81.61,77.37
2023-11-08,1.534,1.608,1.195,79.54,75.33
2023-11-09,1.534,1.608,1.195,80.01,75.74
2023-11-10,1.534,1.608,1.195,81.43,77.17
2023-11-13,1.534,1.608,1.195,82.52,78.26
2023-11-14,1.534,1.608,1.195,82.47,78.26
2023-11-15,1.534,1.608,1.195,81.18,76.66
2023-11-16,1.534,1.608,1.195,77.42,72.9
2023-11-17,1.534,1.608,1.195,80.61,75.89
2023-11-20,1.534,1.608,1.195,82.32,77.6
2023-11-21,1.508,1.544,1.132,82.45,77.77
2023-11-22,1.508,1.544,1.132,81.96,77.1
2023-11-24,1.508,1.544,1.132,80.58,75.54
2023-11-27,1.508,1.544,1.132,79.98,74.86
2023-11-28,1.508,1.544,1.132,81.68,76.41
2023-11-29,1.508,1.544,1.132,83.1,77.86
2023-11-30,1.508,1.544,1.132,82.83,75.96
2023-12-01,1.508,1.544,1.132,78.88,74.07
2023-12-04,1.508,1.544,1.132,78.03,73.04
2023-12-05,1.421,1.461,1.119,77.2,72.32
2023-12-06,1.421,1.461,1.119,74.3,69.38
2023-12-07,1.421,1.461,1.119,74.05,69.34
2023-12-08,1.421,1.461,1.119,75.84,71.23
2023-12-11,1.421,1.461,1.119,76.03,71.32
2023-12-12,1.421,1.461,1.119,73.24,68.61
2023-12-13,1.421,1.461,1.119,74.26,69.47
2023-12-14,1.421,1.461,1.119,76.61,71.58
2023-12-15,1.421,1.461,1.119,76.55,71.43
2023-12-18,1.421,1.461,1.119,77.95,72.47
2023-12-19,1.379,1.418,1.07,79.23,73.44
2023-12-20,1.379,1.418,1.07,79.7,74.22
2023-12-21,1.379,1.418,1.07,79.39,73.89
2023-12-22,1.379,1.418,1.07,79.07,73.56
2023-12-26,1.379,1.418,1.07,81.07,75.57
2023-12-27,1.379,1.418,1.07,79.65,74.11
2023-12-28,1.379,1.418,1.07,78.39,71.77
2023-12-29,1.379,1.418,1.07,77.04,71.65
2024-01-02,1.379,1.418,1.07,75.89,70.38
2024-01-03,1.379,1.418,1.07,78.25,72.7
2024-01-04,1.393,1.43,1.082,77.59,72.19
2024-01-05,1.393,1.43,1.082,78.76,73.81
2024-01-08,1.393,1.43,1.082,76.12,70.77
2024-01-09,1.393,1.43,1.082,77.59,72.24
2024-01-10,1.393,1.43,1.082,76.8,71.37
2024-01-11,1.393,1.43,1.082,77.41,72.02
2024-01-12,1.393,1.43,1.082,78.29,72.68
2024-01-16,1.381,1.415,1.065,78.29,72.4
2024-01-17,1.381,1.415,1.065,77.88,72.56
2024-01-18,1.381,1.415,1.065,79.1,74.08
2024-01-19,1.381,1.415,1.065,78.56,73.41
2024-01-22,1.381,1.415,1.065,80.06,75.19
2024-01-23,1.381,1.415,1.065,79.55,74.37
2024-01-24,1.381,1.415,1.065,80.04,75.09
2024-01-25,1.381,1.415,1.065,82.43,77.36
2024-01-26,1.381,1.415,1.065,83.55,78.01
2024-01-29,1.381,1.415,1.065,82.4,76.78
2024-01-30,1.411,1.457,1.111,82.87,77.82
2024-01-31,1.411,1.457,1.111,81.71,75.85
2024-02-01,1.411,1.457,1.111,78.7,73.82
2024-02-02,1.411,1.457,1.111,77.33,72.28
2024-02-05,1.411,1.457,1.111,77.99,72.78
2024-02-06,1.411,1.457,1.111,78.59,73.31
2024-02-07,1.411,1.457,1.111,79.21,73.86
2024-02-08,1.411,1.457,1.111,81.63,76.22
2024-02-09,1.411,1.457,1.111,82.19,76.84
2024-02-12,1.411,1.457,1.111,82.0,76.92
2024-02-13,1.445,1.498,1.159,82.77,77.87
2024-02-14,1.445,1.498,1.159,81.6,76.64
2024-02-15,1.445,1.498,1.159,82.86,78.03
2024-02-16,1.445,1.498,1.159,83.47,79.19
2024-02-20,1.445,1.498,1.159,82.34,78.18
2024-02-21,1.445,1.498,1.159,83.03,77.91
2024-02-22,1.445,1.498,1.159,83.67,78.61
2024-02-23,1.445,1.498,1.159,81.62,76.49
2024-02-26,1.445,1.498,1.159,82.53,77.58
2024-02-27,1.491,1.523,1.17,83.65,78.87
2024-02-28,1.491,1.523,1.17,83.68,78.54
2024-02-29,1.491,1.523,1.17,83.62,78.26
2024-03-01,1.491,1.523,1.17,83.55,79.97
2024-03-04,1.491,1.523,1.17,82.8,78.74
2024-03-05,1.491,1.523,1.17,82.04,78.15
2024-03-06,1.491,1.523,1.17,82.96,79.13
2024-03-07,1.491,1.523,1.17,82.96,78.93
2024-03-08,1.491,1.523,1.17,82.08,78.01
2024-03-11,1.491,1.523,1.17,82.21,77.93
2024-03-12,1.491,1.523,1.17,81.92,77.56
2024-03-13,1.491,1.523,1.17,84.03,79.72
2024-03-14,1.491,1.523,1.17,85.42,81.26
2024-03-15,1.491,1.523,1.17,85.34,81.04
2024-03-18,1.491,1.523,1.17,86.89,82.72
2024-03-19,1.491,1.523,1.17,87.38,83.47
2024-03-20,1.491,1.523,1.17,85.95,81.68
2024-03-21,1.491,1.523,1.17,85.78,81.07
2024-03-22,1.491,1.523,1.17,85.43,80.63
2024-03-25,1.491,1.523,1.17,86.75,81.95
2024-03-26,1.519,1.527,1.172,86.25,81.62
2024-03-27,1.519,1.527,1.172,86.09,81.35
2024-03-28,1.519,1.527,1.172,87.48,83.17
2024-04-01,1.519,1.527,1.172,87.42,83.71
2024-04-02,1.519,1.527,1.172,88.92,85.15
2024-04-03,1.519,1.527,1.172,89.35,85.43
2024-04-04,1.519,1.527,1.172,90.65,86.59
2024-04-05,1.519,1.527,1.172,91.17,86.91
2024-04-08,1.519,1.527,1.172,90.38,86.43
2024-04-09,1.542,1.542,1.18,89.42,85.23
2024-04-10,1.542,1.542,1.18,90.48,86.21
2024-04-11,1.542,1.542,1.18,89.74,85.02
2024-04-12,1.542,1.542,1.18,90.45,85.66
2024-04-15,1.542,1.542,1.18,90.1,85.41
2024-04-16,1.542,1.542,1.18,90.02,85.36
2024-04-17,1.542,1.542,1.18,87.29,82.69
2024-04-18,1.542,1.542,1.18,87.11,82.73
2024-04-19,1.542,1.542,1.18,87.29,83.14
2024-04-22,1.542,1.542,1.18,87.0,82.85
2024-04-23,1.56,1.527,1.17,88.42,83.36
2024-04-24,1.56,1.527,1.17,88.02,82.81
2024-04-25,1.56,1.527,1.17,89.01,83.57
2024-04-26,1.56,1.527,1.17,89.5,83.85
2024-04-29,1.56,1.527,1.17,88.4,82.63
2024-04-30,1.56,1.527,1.17,87.86,81.93
2024-05-01,1.56,1.527,1.17,83.44,79.0
2024-05-02,1.56,1.527,1.17,83.67,78.95
2024-05-03,1.56,1.527,1.17,82.96,78.11
2024-05-06,1.56,1.527,1.17,83.33,78.48
2024-05-07,1.541,1.484,1.127,83.16,78.38
2024-05-08,1.541,1.484,1.127,83.58,78.99
2024-05-09,1.541,1.484,1.127,83.88,79.26
2024-05-10,1.541,1.484,1.127,82.79,78.26
2024-05-13,1.541,1.484,1.127,83.36,79.12
2024-05-14,1.541,1.484,1.127,82.38,78.02
2024-05-15,1.541,1.484,1.127,82.75,78.63
2024-05-16,1.541,1.484,1.127,83.27,79.23
2024-05-17,1.541,1.484,1.127,83.98,80.06
2024-05-20,1.541,1.484,1.127,83.71,79.8
2024-05-21,1.495,1.462,1.103,82.88,79.26
2024-05-22,1.495,1.462,1.103,81.9,77.57
2024-05-23,1.495,1.462,1.103,81.36,76.87
2024-05-24,1.495,1.462,1.103,82.12,77.72
2024-05-28,1.495,1.462,1.103,84.22,79.83
2024-05-29,1.495,1.462,1.103,83.6,79.23
2024-05-30,1.495,1.462,1.103,81.86,77.91
2024-05-31,1.495,1.462,1.103,81.62,76.99
2024-06-03,1.495,1.462,1.103,78.36,74.22
2024-06-04,1.473,1.463,1.099,77.52,73.25
2024-06-05,1.473,1.463,1.099,78.41,74.07
2024-06-06,1.473,1.463,1.099,79.87,75.55
2024-06-07,1.473,1.463,1.099,79.62,75.53
2024-06-10,1.473,1.463,1.099,81.63,77.74
2024-06-11,1.473,1.463,1.099,81.92,77.9
2024-06-12,1.473,1.463,1.099,82.6,78.5
2024-06-13,1.473,1.463,1.099,82.75,78.62
2024-06-14,1.473,1.463,1.099,82.62,78.45
2024-06-17,1.473,1.463,1.099,84.25,80.33
2024-06-18,1.445,1.455,1.089,85.33,81.57
2024-06-20,1.445,1.455,1.089,85.71,82.17
2024-06-21,1.445,1.455,1.089,85.24,80.73
2024-06-24,1.445,1.455,1.089,86.01,81.63
2024-06-25,1.445,1.455,1.089,85.01,80.83
2024-06-26,1.445,1.455,1.089,85.25,80.9
2024-06-27,1.445,1.455,1.089,86.39,81.74
2024-06-28,1.445,1.455,1.089,86.41,81.54
2024-07-01,1.445,1.455,1.089,86.6,83.38
2024-07-02,1.479,1.507,1.145,86.24,82.81
2024-07-03,1.479,1.507,1.145,87.34,83.88
2024-07-05,1.479,1.507,1.145,86.54,83.16
2024-07-08,1.479,1.507,1.145,85.75,82.33
2024-07-09,1.479,1.507,1.145,84.66,81.41
2024-07-10,1.479,1.507,1.145,85.08,82.1
2024-07-11,1.479,1.507,1.145,85.4,82.62
2024-07-12,1.479,1.507,1.145,85.03,82.21
2024-07-15,1.479,1.507,1.145,84.85,81.91
2024-07-16,1.514,1.528,1.146,83.73,80.76
2024-07-17,1.514,1.528,1.146,85.08,82.85
2024-07-18,1.514,1.528,1.146,85.11,82.82
2024-07-19,1.514,1.528,1.146,82.63,80.13
2024-07-22,1.514,1.528,1.146,82.4,79.78
2024-07-23,1.514,1.528,1.146,81.01,76.96
2024-07-24,1.514,1.528,1.146,81.71,77.59
2024-07-25,1.514,1.528,1.146,82.37,78.28
2024-07-26,1.514,1.528,1.146,81.13,77.16
2024-07-29,1.514,1.528,1.146,79.78,75.81
2024-07-30,1.514,1.528,1.146,78.63,74.73
2024-07-31,1.514,1.528,1.146,80.72,77.91
2024-08-01,1.514,1.528,1.146,79.52,76.31
2024-08-02,1.514,1.528,1.146,76.81,73.52
2024-08-05,1.514,1.528,1.146,76.3,72.94
2024-08-06,1.514,1.528,1.146,76.48,73.2
2024-08-07,1.514,1.528,1.146,78.33,75.23
2024-08-08,1.514,1.528,1.146,79.16,76.19
2024-08-09,1.514,1.528,1.146,79.66,76.84
2024-08-12,1.514,1.528,1.146,82.3,80.06
2024-08-13,1.514,1.528,1.146,80.69,78.35
2024-08-14,1.514,1.528,1.146,79.76,76.98
2024-08-15,1.514,1.528,1.146,81.04,78.16
2024-08-16,1.514,1.528,1.146,79.68,76.65
2024-08-19,1.514,1.528,1.146,77.66,74.37
2024-08-20,1.514,1.528,1.146,77.2,74.04
2024-08-21,1.514,1.528,1.146,76.05,71.93
2024-08-22,1.514,1.528,1.146,77.22,73.01
2024-08-23,1.514,1.528,1.146,79.02,74.83
2024-08-26,1.514,1.528,1.146,81.43,77.42
2024-08-27,1.486,1.519,1.125,79.55,75.53
2024-08-28,1.486,1.519,1.125,78.65,74.52
2024-08-29,1.486,1.519,1.125,79.94,75.91
2024-08-30,1.486,1.519,1.125,78.8,73.55
2024-09-03,1.486,1.519,1.125,73.75,70.34
2024-09-04,1.486,1.519,1.125,72.7,69.2
2024-09-05,1.486,1.519,1.125,72.69,69.15
2024-09-06,1.486,1.519,1.125,71.06,67.67
2024-09-09,1.486,1.519,1.125,71.84,68.71
2024-09-10,1.475,1.519,1.125,69.19,65.75
2024-09-11,1.475,1.519,1.125,70.61,67.31
2024-09-12,1.475,1.519,1.125,71.97,68.97
2024-09-13,1.475,1.519,1.125,71.61,68.65
2024-09-16,1.475,1.519,1.125,72.75,70.09
2024-09-17,1.475,1.519,1.125,73.7,71.19
2024-09-18,1.475,1.519,1.125,73.65,70.91
2024-09-19,1.475,1.519,1.125,74.88,71.95
2024-09-20,1.475,1.519,1.125,74.49,71.92
2024-09-23,1.475,1.519,1.125,73.9,70.37
2024-09-24,1.457,1.485,1.092,75.17,71.56
2024-09-25,1.457,1.485,1.092,73.46,69.69
2024-09-26,1.457,1.485,1.092,71.6,67.67
2024-09-27,1.457,1.485,1.092,71.98,68.18
2024-09-30,1.457,1.485,1.092,71.77,68.17
2024-10-01,1.457,1.485,1.092,73.56,69.83
2024-10-02,1.457,1.485,1.092,73.9,70.1
2024-10-03,1.457,1.485,1.092,77.62,73.71
2024-10-04,1.457,1.485,1.092,78.05,74.38
2024-10-07,1.457,1.485,1.092,80.93,77.14
2024-10-08,1.469,1.499,1.105,77.18,73.57
2024-10-09,1.469,1.499,1.105,76.58,73.24
2024-10-10,1.469,1.499,1.105,79.4,75.85
2024-10-11,1.469,1.499,1.105,79.04,75.56
2024-10-14,1.469,1.499,1.105,77.46,73.83
2024-10-15,1.469,1.499,1.105,74.25,70.58
2024-10-16,1.469,1.499,1.105,74.22,70.39
2024-10-17,1.469,1.499,1.105,74.45,70.67
2024-10-18,1.469,1.499,1.105,73.06,69.22
2024-10-21,1.469,1.499,1.105,74.29,70.56
2024-10-22,1.51,1.528,1.127,76.04,72.09
2024-10-23,1.51,1.528,1.127,74.96,70.77
2024-10-24,1.51,1.528,1.127,74.38,70.19
2024-10-25,1.51,1.528,1.127,76.05,71.78
2024-10-28,1.51,1.528,1.127,71.42,67.38
2024-10-29,1.51,1.528,1.127,71.12,67.21
2024-10-30,1.51,1.528,1.127,72.55,68.61
2024-10-31,1.51,1.528,1.127,73.16,69.26
2024-11-01,1.51,1.528,1.127,73.1,69.49
2024-11-04,1.51,1.528,1.127,75.08,71.47
2024-11-05,1.486,1.518,1.115,75.53,71.99
2024-11-06,1.486,1.518,1.115,74.92,71.69
2024-11-07,1.486,1.518,1.115,75.63,72.36
2024-11-08,1.486,1.518,1.115,73.87,70.38
2024-11-11,1.486,1.518,1.115,71.83,68.04
2024-11-12,1.486,1.518,1.115,71.89,68.12
2024-11-13,1.486,1.518,1.115,72.28,68.43
2024-11-14,1.486,1.518,1.115,72.56,68.7
2024-11-15,1.486,1.518,1.115,71.04,67.02
2024-11-18,1.486,1.518,1.115,73.3,69.16
2024-11-19,1.482,1.542,1.137,73.31,69.39
2024-11-20,1.482,1.542,1.137,72.81,68.87
2024-11-21,1.482,1.542,1.137,74.23,70.1
2024-11-22,1.482,1.542,1.137,75.17,71.24
2024-11-25,1.482,1.542,1.137,73.01,68.94
2024-11-26,1.482,1.542,1.137,72.81,68.77
2024-11-27,1.482,1.542,1.137,72.83,68.72
2024-11-29,1.482,1.542,1.137,72.94,68.0
2024-12-02,1.482,1.542,1.137,71.83,68.1
2024-12-03,1.493,1.561,1.159,73.62,69.94
2024-12-04,1.493,1.561,1.159,72.31,68.54
2024-12-05,1.493,1.561,1.159,72.09,68.3
2024-12-06,1.493,1.561,1.159,71.12,67.2
2024-12-09,1.493,1.561,1.159,72.14,68.37
2024-12-10,1.493,1.561,1.159,72.19,68.59
2024-12-11,1.493,1.561,1.159,73.52,70.29
2024-12-12,1.493,1.561,1.159,73.41,70.02
2024-12-13,1.493,1.561,1.159,74.49,71.29
2024-12-16,1.493,1.561,1.159,73.91,70.71
2024-12-17,1.49,1.544,1.138,73.19,70.08
2024-12-18,1.49,1.544,1.138,73.39,70.58
2024-12-19,1.49,1.544,1.138,72.88,69.91
2024-12-20,1.49,1.544,1.138,72.94,69.46
2024-12-23,1.49,1.544,1.138,72.63,69.24
2024-12-24,1.49,1.544,1.138,73.58,70.1
2024-12-26,1.49,1.544,1.138,73.26,69.62
2024-12-27,1.49,1.544,1.138,74.17,70.6
2024-12-30,1.49,1.544,1.138,74.39,70.99
2024-12-31,1.495,1.554,1.153,74.64,71.72
2025-01-02,1.495,1.554,1.153,75.93,73.13
2025-01-03,1.495,1.554,1.153,76.51,73.96
2025-01-06,1.495,1.554,1.153,76.3,73.56
2025-01-07,1.495,1.554,1.153,77.05,74.25
2025-01-08,1.495,1.554,1.153,76.16,73.32
2025-01-09,1.495,1.554,1.153,76.92,73.92
2025-01-10,1.495,1.554,1.153,79.76,76.57
2025-01-13,1.495,1.554,1.153,81.01,78.82
2025-01-14,1.523,1.581,1.18,79.92,77.5
2025-01-15,1.523,1.581,1.18,82.03,80.04
2025-01-16,1.523,1.581,1.18,81.29,78.68
2025-01-17,1.523,1.581,1.18,80.79,77.88
2025-01-21,1.523,1.581,1.18,79.29,75.89
2025-01-22,1.523,1.581,1.18,79.0,75.44
2025-01-23,1.523,1.581,1.18,78.29,74.62
2025-01-24,1.523,1.581,1.18,78.5,74.66
2025-01-27,1.523,1.581,1.18,77.08,73.17
2025-01-28,1.55,1.619,1.218,77.49,73.77
2025-01-29,1.55,1.619,1.218,76.58,72.62
2025-01-30,1.55,1.619,1.218,76.87,72.73
2025-01-31,1.55,1.619,1.218,76.76,72.53
2025-02-03,1.55,1.619,1.218,75.96,73.16
2025-02-04,1.55,1.619,1.218,76.2,72.7
2025-02-05,1.55,1.619,1.218,74.61,71.03
2025-02-06,1.55,1.619,1.218,74.29,70.61
2025-02-07,1.55,1.619,1.218,74.66,71.0
2025-02-10,1.55,1.619,1.218,75.87,72.32
2025-02-11,1.535,1.586,1.184,77.0,73.32
2025-02-12,1.535,1.586,1.184,75.18,71.37
2025-02-13,1.535,1.586,1.184,75.02,71.29
2025-02-14,1.535,1.586,1.184,74.74,70.74
2025-02-18,1.535,1.586,1.184,75.84,71.85
2025-02-19,1.535,1.586,1.184,76.04,72.25
2025-02-20,1.535,1.586,1.184,76.48,72.57
2025-02-21,1.535,1.586,1.184,74.43,70.4
2025-02-24,1.535,1.586,1.184,74.78,70.7
2025-02-25,1.538,1.598,1.198,73.02,68.93
2025-02-26,1.538,1.598,1.198,72.53,68.62
2025-02-27,1.538,1.598,1.198,74.04,70.35
2025-02-28,1.538,1.598,1.198,73.18,69.76
2025-03-03,1.538,1.598,1.198,71.62,68.37
2025-03-04,1.538,1.598,1.198,71.04,68.26
2025-03-05,1.538,1.598,1.198,69.3,66.31
2025-03-06,1.538,1.598,1.198,69.46,66.36
2025-03-07,1.538,1.598,1.198,70.36,67.04
2025-03-10,1.538,1.598,1.198,69.28,66.03
2025-03-11,1.481,1.55,1.145,69.56,66.25
2025-03-12,1.481,1.55,1.145,70.95,67.68
2025-03-13,1.481,1.55,1.145,69.88,66.55
2025-03-14,1.481,1.55,1.145,70.58,67.18
2025-03-17,1.481,1.55,1.145,71.07,67.58
2025-03-18,1.481,1.55,1.145,70.56,66.9
2025-03-19,1.481,1.55,1.145,70.78,67.16
2025-03-20,1.481,1.55,1.145,72.0,68.26
2025-03-21,1.481,1.55,1.145,72.16,68.28
2025-03-24,1.481,1.55,1.145,73.0,69.11
2025-03-25,1.468,1.513,1.105,73.02,69.0
2025-03-26,1.468,1.513,1.105,73.79,69.65
2025-03-27,1.468,1.513,1.105,74.03,69.92
2025-03-28,1.468,1.513,1.105,73.63,69.36
2025-03-31,1.468,1.513,1.105,74.74,71.48
2025-04-01,1.468,1.513,1.105,74.49,71.2
2025-04-02,1.468,1.513,1.105,74.95,71.71
2025-04-03,1.468,1.513,1.105,70.14,66.95
2025-04-04,1.468,1.513,1.105,65.58,61.99
2025-04-07,1.468,1.513,1.105,64.21,60.7
2025-04-08,1.495,1.524,1.114,62.82,59.58
2025-04-09,1.495,1.524,1.114,65.48,62.35
2025-04-10,1.495,1.524,1.114,63.33,60.07
2025-04-11,1.495,1.524,1.114,64.76,61.5
2025-04-14,1.495,1.524,1.114,64.88,61.53
2025-04-15,1.495,1.524,1.114,64.67,61.33
2025-04-16,1.495,1.524,1.114,65.85,62.47
2025-04-17,1.495,1.524,1.114,67.96,64.68
2025-04-21,1.495,1.524,1.114,66.26,63.08
2025-04-22,1.495,1.524,1.114,67.44,64.31
2025-04-23,1.417,1.443,1.036,66.12,62.27
2025-04-24,1.417,1.443,1.036,66.55,62.79
2025-04-25,1.417,1.443,1.036,66.87,63.02
2025-04-28,1.417,1.443,1.036,65.86,62.05
2025-04-29,1.417,1.443,1.036,64.25,60.42
2025-04-30,1.417,1.443,1.036,63.12,58.21
2025-05-01,1.417,1.443,1.036,62.13,59.24
2025-05-02,1.417,1.443,1.036,61.29,58.29
2025-05-05,1.417,1.443,1.036,60.23,57.13
2025-05-06,1.418,1.44,1.034,62.15,59.09
2025-05-07,1.418,1.44,1.034,61.12,58.07
2025-05-08,1.418,1.44,1.034,62.84,59.91
2025-05-09,1.418,1.44,1.034,63.91,61.02
2025-05-12,1.418,1.44,1.034,64.96,61.95
2025-05-13,1.418,1.44,1.034,66.63,63.67
2025-05-14,1.418,1.44,1.034,66.09,63.15
2025-05-15,1.418,1.44,1.034,64.53,61.62
2025-05-16,1.418,1.44,1.034,65.41,62.49
2025-05-19,1.418,1.44,1.034,65.54,62.69
2025-05-20,1.434,1.445,1.043,65.38,62.56
2025-05-21,1.434,1.445,1.043,64.91,61.57
2025-05-22,1.434,1.445,1.043,64.44,61.2
2025-05-23,1.434,1.445,1.043,64.78,61.53
2025-05-27,1.434,1.445,1.043,64.09,60.89
2025-05-28,1.434,1.445,1.043,64.9,61.84
2025-05-29,1.434,1.445,1.043,64.15,60.94
2025-05-30,1.434,1.445,1.043,63.9,60.79
2025-06-02,1.434,1.445,1.043,64.63,62.52
2025-06-03,1.437,1.44,1.037,65.63,63.41
2025-06-04,1.437,1.44,1.037,64.86,62.85
2025-06-05,1.437,1.44,1.037,65.34,63.37
2025-06-06,1.437,1.44,1.037,66.47,64.58
2025-06-09,1.437,1.44,1.037,67.04,65.29
2025-06-10,1.437,1.44,1.037,66.87,64.98
2025-06-11,1.437,1.44,1.037,69.77,68.15
2025-06-12,1.437,1.44,1.037,69.36,68.04
2025-06-13,1.437,1.44,1.037,74.23,72.98
2025-06-16,1.437,1.44,1.037,73.23,71.77
2025-06-17,1.445,1.458,1.057,76.45,74.84
2025-06-18,1.445,1.458,1.057,76.7,75.14
2025-06-20,1.445,1.458,1.057,77.01,74.93
2025-06-23,1.445,1.458,1.057,71.48,68.51
2025-06-24,1.445,1.458,1.057,67.14,64.37
2025-06-25,1.445,1.458,1.057,67.68,64.92
2025-06-26,1.445,1.458,1.057,67.73,65.24
2025-06-27,1.445,1.458,1.057,67.77,65.52
2025-06-30,1.445,1.458,1.057,67.61,65.11
2025-07-01,1.465,1.498,1.097,67.11,65.45
2025-07-02,1.465,1.498,1.097,69.11,67.45
2025-07-03,1.465,1.498,1.097,68.8,67.0
2025-07-04,1.465,1.498,1.097,68.29,66.5
2025-07-07,1.465,1.498,1.097,69.58,67.93
2025-07-08,1.465,1.498,1.097,70.15,68.33
2025-07-09,1.465,1.498,1.097,70.19,68.38
2025-07-10,1.465,1.498,1.097,68.64,66.57
2025-07-11,1.465,1.498,1.097,70.36,68.45
2025-07-14,1.465,1.498,1.097,69.21,66.98
2025-07-15,1.437,1.487,1.087,68.71,66.52
2025-07-16,1.437,1.487,1.087,68.52,66.38
2025-07-17,1.437,1.487,1.087,69.52,67.54
2025-07-18,1.437,1.487,1.087,69.28,67.34
2025-07-21,1.437,1.487,1.087,69.21,67.2
2025-07-22,1.437,1.487,1.087,68.59,66.21
2025-07-23,1.437,1.487,1.087,68.51,65.25
2025-07-24,1.437,1.487,1.087,69.18,66.03
2025-07-25,1.437,1.487,1.087,68.44,65.16
2025-07-28,1.437,1.487,1.087,70.04,66.71
2025-07-29,1.438,1.492,1.093,72.51,69.21
2025-07-30,1.438,1.492,1.093,73.24,70.0
2025-07-31,1.438,1.492,1.093,72.53,69.26
2025-08-01,1.438,1.492,1.093,69.67,67.33
2025-08-04,1.438,1.492,1.093,68.76,66.29
2025-08-05,1.438,1.492,1.093,67.64,65.16
2025-08-06,1.438,1.492,1.093,66.89,64.35
2025-08-07,1.438,1.492,1.093,66.43,63.88
2025-08-08,1.438,1.492,1.093,66.59,63.88
2025-08-11,1.438,1.492,1.093,66.63,63.96
2025-08-12,1.443,1.465,1.063,66.12,63.17
2025-08-13,1.443,1.465,1.063,65.63,62.65
2025-08-14,1.443,1.465,1.063,66.84,63.96
2025-08-15,1.443,1.465,1.063,65.85,62.8
2025-08-18,1.443,1.465,1.063,66.6,63.42
2025-08-19,1.443,1.465,1.063,65.79,62.35
2025-08-20,1.443,1.465,1.063,66.84,63.21
2025-08-21,1.443,1.465,1.063,67.67,63.52
2025-08-22,1.443,1.465,1.063,67.73,63.66
2025-08-25,1.443,1.465,1.063,68.8,64.8
2025-08-26,1.443,1.465,1.063,67.22,63.25
2025-08-27,1.443,1.465,1.063,68.05,64.15
2025-08-28,1.443,1.465,1.063,68.62,64.6
2025-08-29,1.443,1.465,1.063,68.12,64.01
2025-09-02,1.443,1.465,1.063,69.14,65.59
2025-09-03,1.443,1.465,1.063,67.6,63.97
2025-09-04,1.443,1.465,1.063,66.99,63.48
2025-09-05,1.443,1.465,1.063,65.5,61.87
2025-09-08,1.443,1.465,1.063,66.02,62.26
2025-09-09,1.459,1.487,1.085,66.39,62.63
2025-09-10,1.459,1.487,1.085,67.49,63.67
2025-09-11,1.459,1.487,1.085,66.37,62.37
2025-09-12,1.459,1.487,1.085,66.99,62.69
2025-09-15,1.459,1.487,1.085,67.44,63.3
2025-09-16,1.459,1.487,1.085,68.47,64.52
2025-09-17,1.459,1.487,1.085,67.95,64.05
2025-09-18,1.459,1.487,1.085,67.44,63.57
2025-09-19,1.459,1.487,1.085,66.68,62.68
2025-09-22,1.459,1.487,1.085,66.57,62.64
2025-09-23,1.465,1.491,1.091,67.63,63.41
2025-09-24,1.465,1.491,1.091,69.31,64.99
2025-09-25,1.465,1.491,1.091,69.42,64.98
2025-09-26,1.465,1.491,1.091,70.13,65.72
2025-09-29,1.465,1.491,1.091,67.97,63.45
2025-09-30,1.465,1.491,1.091,67.02,62.37
2025-10-01,1.465,1.491,1.091,65.35,61.78
2025-10-02,1.465,1.491,1.091,64.11,60.48
2025-10-03,1.465,1.491,1.091,64.53,60.88
2025-10-06,1.465,1.491,1.091,65.47,61.69
2025-10-07,1.459,1.489,1.088,65.45,61.73
2025-10-08,1.459,1.489,1.088,66.25,62.55
2025-10-09,1.459,1.489,1.088,65.22,61.51
2025-10-10,1.459,1.489,1.088,62.73,58.9
2025-10-13,1.459,1.489,1.088,63.32,59.49
2025-10-14,1.459,1.489,1.088,62.39,58.7
2025-10-15,1.459,1.489,1.088,61.91,58.27
2025-10-16,1.459,1.489,1.088,61.06,57.46
2025-10-17,1.459,1.489,1.088,61.29,57.54
2025-10-20,1.459,1.489,1.088,61.01,57.52
2025-10-21,1.438,1.46,1.057,61.32,57.82
2025-10-22,1.438,1.46,1.057,62.59,58.5
2025-10-23,1.438,1.46,1.057,65.99,61.79
2025-10-24,1.438,1.46,1.057,65.94,61.5
2025-10-27,1.438,1.46,1.057,65.62,61.31
2025-10-28,1.438,1.46,1.057,64.4,60.15
2025-10-29,1.438,1.46,1.057,64.92,60.48
2025-10-30,1.438,1.46,1.057,65.0,60.57
2025-10-31,1.438,1.46,1.057,65.07,60.98
2025-11-03,1.438,1.46,1.057,64.89,61.05
2025-11-04,1.455,1.499,1.096,64.44,60.56
2025-11-05,1.455,1.499,1.096,63.52,59.6
2025-11-06,1.455,1.499,1.096,63.38,59.43
2025-11-07,1.455,1.499,1.096,63.63,59.75
2025-11-10,1.455,1.499,1.096,64.06,60.13
2025-11-11,1.455,1.499,1.096,65.16,61.04
2025-11-12,1.455,1.499,1.096,62.71,58.49
2025-11-13,1.455,1.499,1.096,63.01,58.69
2025-11-14,1.455,1.499,1.096,64.39,60.09
2025-11-17,1.455,1.499,1.096,64.2,59.91
2025-11-18,1.455,1.499,1.096,64.89,60.74
2025-11-19,1.455,1.499,1.096,63.51,59.44
2025-11-20,1.455,1.499,1.096,63.38,59.14
2025-11-21,1.455,1.499,1.096,62.56,58.06
2025-11-24,1.455,1.499,1.096,63.37,58.84
2025-11-25,1.455,1.499,1.096,62.48,57.95
2025-11-26,1.455,1.499,1.096,63.13,58.65
2025-11-28,1.455,1.499,1.096,63.2,58.55
2025-12-01,1.455,1.499,1.096,63.17,59.32
2025-12-02,1.451,1.485,1.082,62.45,58.64
2025-12-03,1.451,1.485,1.082,62.67,58.95
2025-12-04,1.451,1.485,1.082,63.26,59.67
2025-12-05,1.451,1.485,1.082,63.75,60.08
2025-12-08,1.451,1.485,1.082,62.49,58.88
2025-12-09,1.451,1.485,1.082,61.94,58.25
2025-12-10,1.451,1.485,1.082,62.21,58.46
2025-12-11,1.451,1.485,1.082,61.28,57.6
2025-12-12,1.451,1.485,1.082,61.12,57.44
2025-12-15,1.451,1.485,1.082,60.56,56.82
2025-12-16,1.433,1.449,1.049,58.92,55.27
2025-12-17,1.433,1.449,1.049,59.68,55.94
2025-12-18,1.433,1.449,1.049,59.82,56.15
2025-12-19,1.433,1.449,1.049,60.47,56.66
2025-12-22,1.433,1.449,1.049,62.07,58.01
2025-12-23,1.433,1.449,1.049,62.38,58.38
2025-12-24,1.433,1.449,1.049,62.24,58.35
2025-12-26,1.433,1.449,1.049,60.64,56.74
2025-12-29,1.433,1.449,1.049,61.94,58.08
2025-12-30,1.381,1.407,1.008,61.92,57.95
2025-12-31,1.381,1.407,1.008,60.85,57.42
2026-01-02,1.381,1.407,1.008,60.75,57.32
2026-01-05,1.381,1.407,1.008,61.76,58.32
2026-01-06,1.381,1.407,1.008,60.7,57.13
2026-01-07,1.381,1.407,1.008,59.96,55.99
2026-01-08,1.381,1.407,1.008,61.99,57.76
2026-01-09,1.381,1.407,1.008,63.34,59.12
2026-01-12,1.381,1.407,1.008,63.87,59.5
2026-01-13,1.384,1.404,1.007,65.47,61.15
2026-01-14,1.384,1.404,1.007,66.52,62.02
2026-01-15,1.384,1.404,1.007,63.76,59.19
2026-01-16,1.384,1.404,1.007,64.13,59.44
2026-01-20,1.384,1.404,1.007,64.92,60.34
2026-01-21,1.384,1.404,1.007,65.24,60.62
2026-01-22,1.384,1.404,1.007,64.06,59.36
2026-01-23,1.384,1.404,1.007,65.88,61.07
2026-01-26,1.384,1.404,1.007,65.59,60.63
2026-01-27,1.411,1.441,1.045,67.57,62.39
2026-01-28,1.411,1.441,1.045,68.4,63.21
2026-01-29,1.411,1.441,1.045,70.71,65.42
2026-01-30,1.411,1.441,1.045,70.69,65.21
2026-02-02,1.411,1.441,1.045,66.3,62.14
2026-02-03,1.411,1.441,1.045,67.33,63.21
2026-02-04,1.411,1.441,1.045,69.46,65.14
2026-02-05,1.411,1.441,1.045,67.55,63.29
2026-02-06,1.411,1.441,1.045,68.05,63.55
2026-02-09,1.411,1.441,1.045,69.04,64.36
2026-02-10,1.421,1.462,1.068,68.8,63.96
2026-02-11,1.421,1.462,1.068,69.4,64.63
2026-02-12,1.421,1.462,1.068,67.52,62.84
2026-02-13,1.421,1.462,1.068,67.75,62.89
2026-02-17,1.421,1.462,1.068,67.42,62.33
2026-02-18,1.421,1.462,1.068,70.35,65.19
2026-02-19,1.421,1.462,1.068,71.66,66.43
2026-02-20,1.421,1.462,1.068,71.76,66.39
2026-02-23,1.421,1.462,1.068,71.49,66.31
2026-02-24,1.436,1.465,1.071,70.77,65.63
2026-02-25,1.436,1.465,1.071,70.85,65.42
2026-02-26,1.436,1.465,1.071,70.75,65.21
2026-02-27,1.436,1.465,1.071,72.48,67.02
2026-03-02,1.436,1.465,1.071,77.74,71.23
2026-03-03,1.436,1.465,1.071,81.4,74.56
2026-03-04,1.436,1.465,1.071,81.4,74.66
2026-03-05,1.436,1.465,1.071,85.41,81.01
2026-03-06,1.436,1.465,1.071,92.69,90.9
2026-03-09,1.436,1.465,1.071,98.96,94.77
2026-03-10,1.466,1.528,1.159,87.8,83.45
2026-03-11,1.466,1.528,1.159,91.98,87.25
2026-03-12,1.466,1.528,1.159,100.46,95.73
2026-03-13,1.466,1.528,1.159,103.14,98.71
2026-03-16,1.466,1.528,1.159,100.21,93.5
2026-03-17,1.466,1.528,1.159,103.42,96.21
2026-03-18,1.466,1.528,1.159,107.38,96.32
2026-03-19,1.466,1.528,1.159,108.65,96.14
2026-03-20,1.466,1.528,1.159,112.19,98.32
2026-03-23,1.466,1.528,1.159,99.94,88.13
2026-03-24,1.581,1.696,1.342,104.49,92.35
2026-03-25,1.581,1.696,1.342,102.22,90.32
2026-03-26,1.581,1.696,1.342,108.01,94.48
2026-03-27,1.581,1.696,1.342,112.57,99.64
2026-03-30,1.581,1.696,1.342,112.78,102.88
2026-03-31,1.616,1.807,1.456,118.35,101.38
2026-04-01,1.616,1.807,1.456,101.16,100.12
2026-04-02,1.616,1.807,1.456,109.03,111.54
2026-04-06,1.616,1.807,1.456,109.77,112.41
2026-04-07,1.616,1.807,1.456,109.27,112.95
2026-04-08,1.653,1.894,1.555,94.75,94.41
2026-04-09,1.653,1.894,1.555,95.92,97.87
2026-04-10,1.653,1.894,1.555,95.2,96.57
2026-04-13,1.653,1.894,1.555,99.36,99.08
2026-04-14,1.62,1.822,1.484,94.79,91.28
2026-04-15,1.62,1.822,1.484,94.93,91.29
2026-04-16,1.62,1.822,1.484,99.39,94.69
2026-04-17,1.62,1.822,1.484,90.38,83.85
2026-04-20,1.62,1.822,1.484,95.48,89.61
2026-04-21,1.605,1.736,1.386,98.48,92.13
2026-04-22,1.605,1.736,1.386,101.91,92.96
2026-04-23,1.605,1.736,1.386,105.07,95.85
2026-04-24,1.605,1.736,1.386,105.33,94.4
2026-04-27,1.605,1.736,1.386,108.23,96.37
2026-04-28,1.605,1.736,1.386,111.26,99.93
2026-04-29,1.635,1.708,1.352,118.03,106.88
2026-04-30,1.635,1.708,1.352,114.01,105.07
2026-05-01,1.635,1.708,1.352,108.17,101.94
2026-05-04,1.635,1.708,1.352,114.44,106.42
2026-05-05,1.683,1.734,1.38,109.87,102.27
2026-05-06,1.683,1.734,1.38,101.27,95.08
2026-05-07,1.683,1.734,1.38,100.06,94.81
2026-05-08,1.683,1.734,1.38,101.29,95.42
2026-05-11,1.683,1.734,1.38,104.21,98.07
2026-05-12,1.683,1.734,1.373,107.77,102.18
2026-05-13,1.683,1.734,1.373,105.63,101.02
2026-05-14,1.683,1.734,1.373,105.72,101.17
2026-05-15,1.683,1.734,1.373,109.26,105.42
2026-05-18,1.683,1.734,1.373,112.1,108.66
2026-05-19,1.709,1.753,1.391,111.28,107.77
2026-05-20,1.709,1.753,1.391,105.02,98.26
2026-05-21,1.709,1.753,1.391,102.58,96.35
2026-05-22,1.709,1.753,1.391,103.54,96.6
2026-05-26,1.714,1.753,1.388,99.58,93.89
2026-05-27,1.714,1.753,1.388,94.29,88.68
2026-05-28,1.714,1.753,1.388,93.71,88.9
2026-05-29,1.714,1.753,1.388,92.05,87.36
2026-06-01,1.714,1.753,1.388,94.98,92.16
2026-06-02,1.603,1.647,1.27,96.0,93.76
2026-06-03,1.603,1.647,1.27,97.81,96.02
2026-06-04,1.603,1.647,1.27,95.03,93.04
2026-06-05,1.603,1.647,1.27,93.09,90.54
2026-06-08,1.603,1.647,1.27,94.25,91.3
2026-06-09,1.592,1.685,1.312,91.45,88.2
2026-06-10,1.592,1.685,1.312,93.1,90.03
2026-06-11,1.592,1.685,1.312,90.38,87.71
2026-06-12,1.592,1.685,1.312,87.33,84.88
2026-06-15,1.592,1.685,1.312,83.17,80.75
2026-06-16,1.592,1.718,1.318,78.96,76.05
2026-06-17,1.592,1.718,1.318,79.55,76.79
2026-06-18,1.592,1.718,1.318,79.85,76.6
2026-06-22,1.592,1.718,1.318,77.9,74.82
2026-06-23,1.53,1.607,1.2,77.08,73.21
2026-06-24,1.53,1.607,1.2,73.74,70.34
2026-06-25,1.53,1.607,1.2,75.26,71.92
2026-06-26,1.53,1.607,1.2,71.99,69.23
2026-06-29,1.53,1.607,1.2,73.15,70.75
2026-06-30,1.537,1.605,1.193,72.92,69.5
2026-07-01,1.537,1.605,1.193,71.57,68.58
2026-07-02,1.537,1.605,1.193,71.8,68.69
2026-07-06,1.537,1.605,1.193,71.99,68.55
2026-07-07,1.561,1.64,1.233,74.16,70.44
2026-07-08,1.561,1.64,1.233,78.02,73.52
2026-07-09,1.561,1.64,1.233,76.3,72.08
2026-07-10,1.561,1.64,1.233,76.01,71.41
2026-07-13,1.561,1.64,1.233,83.3,78.14
2026-07-14,1.588,1.723,1.324,84.73,79.34
2026-07-15,1.588,1.723,1.324,84.95,79.6
2026-07-16,1.588,1.723,1.324,84.23,78.95
2026-07-17,1.588,1.723,1.324,88.1,82.49
2026-07-20,1.588,1.723,1.324,89.22,83.23
2026-07-21,1.649,1.855,1.464,91.01,84.91
2026-07-22,1.649,1.855,1.464,94.07,86.83
2026-07-23,1.649,1.855,1.464,100.69,92.19
2026-07-24,1.649,1.855,1.464,96.78,89.31
2026-07-27,1.649,1.855,1.464,88.36,82.61
2026-07-28,1.603,1.828,1.436,84.09,79.26
2026-07-29,1.603,1.828,1.436,90.74,84.46
2026-07-30,1.603,1.828,1.436,89.03,83.59
2026-07-31,1.603,1.828,1.436,90.12,84.67
2026-08-03,1.603,1.828,1.436,83.77,80.34
2026-08-04,1.583,1.882,1.494,79.36,75.77
2026-08-05,1.583,1.882,1.494,79.45,75.22
2026-08-06,1.583,1.882,1.494,82.49,77.29
2026-08-07,1.583,1.882,1.494,83.55,78.18
2026-08-10,1.583,1.882,1.494,87.72,82.13
2026-08-11,1.519,1.753,1.356,88.91,83.2
2026-08-12,1.519,1.753,1.356,88.98,83.27
2026-08-13,1.519,1.753,1.356,87.07,81.25
2026-08-14,1.519,1.753,1.356,88.52,82.4
2026-08-17,1.519,1.753,1.356,90.87,84.5
2026-08-18,1.582,1.857,1.47,91.02,84.94
