datum,Slovenija_bencin,Slovenija_dizel,Avstrija_bencin,Avstrija_dizel,Italija_bencin,Italija_dizel
2005-01-03,820.34,815.75,916.0,859.0,1115.75,1018.28
2005-01-10,820.34,815.75,907.0,851.0,1088.0,1004.39
2005-01-17,820.37,815.78,910.0,836.0,1088.14,1004.31
2005-01-24,836.22,833.72,919.0,840.0,1090.01,1004.31
2005-01-31,836.22,833.72,935.0,855.0,1132.11,1022.6
2005-02-07,855.13,841.36,933.0,854.0,1135.87,1022.67
2005-02-14,855.06,841.29,921.0,840.0,1135.88,1022.46
2005-02-21,859.65,831.7,930.0,850.0,1136.04,1022.79
2005-02-28,859.82,831.87,937.0,853.0,1136.04,1022.85
2005-03-07,860.28,846.09,953.0,865.0,1158.78,1047.59
2005-03-14,860.24,846.06,965.0,878.0,1185.9,1072.72
2005-03-21,860.28,882.39,952.0,893.0,1185.98,1072.86
2005-04-04,869.91,902.87,989.0,923.0,1187.92,1074.63
2005-04-11,869.76,902.72,1028.0,948.0,1236.35,1122.8
2005-04-18,919.41,901.46,1015.0,939.0,1236.35,1122.8
2005-04-25,919.41,901.46,1012.0,932.0,1234.89,1121.45
2005-05-02,894.9,882.79,1014.0,931.0,1234.89,1092.92
2005-05-09,895.2,883.09,1012.0,930.0,1215.38,1072.72
2005-05-16,895.24,883.13,1003.0,922.0,1201.12,1062.62
2005-05-23,895.2,883.09,996.0,915.0,1186.26,1052.68
2005-05-30,895.12,883.02,996.0,916.0,1186.26,1052.68
2005-06-06,895.31,883.2,1019.0,937.0,1197.86,1074.55
2005-06-13,895.46,883.35,1021.0,940.0,1216.26,1102.35
2005-06-20,895.09,882.98,1030.0,946.0,1216.44,1104.03
2005-06-27,920.4,929.17,1045.0,961.0,1231.19,1120.85
2005-07-04,920.44,929.21,1051.0,966.0,1245.79,1131.05
2005-07-11,936.2,929.1,1082.0,1003.0,1246.15,1131.97
2005-07-18,936.2,929.1,1071.0,990.0,1247.67,1133.37
2005-07-25,946.06,934.79,1078.0,981.0,1245.7,1132.13
2005-08-01,946.18,934.9,1080.0,980.0,1246.26,1132.13
2005-08-08,946.89,924.35,1085.0,984.0,1246.26,1132.82
2005-08-15,946.93,924.39,1085.0,984.0,1246.26,1132.82
2005-08-22,973.32,946.18,1104.0,1013.0,1275.6,1157.26
2005-08-29,973.28,946.14,1111.0,1018.0,1277.05,1157.9
2005-09-05,993.36,963.3,1159.0,1047.0,1306.89,1179.13
2005-09-12,993.57,963.5,1179.0,1038.0,1329.84,1206.9
2005-09-19,1060.63,997.58,1150.0,1022.0,1296.46,1178.61
2005-09-26,1060.5,997.45,1146.0,1016.0,1293.42,1177.67
2005-10-03,996.16,973.61,1154.0,1021.0,1335.22,1217.1
2005-10-10,995.99,973.45,1149.0,1027.0,1337.86,1218.09
2005-10-17,996.12,973.57,1133.0,1029.0,1334.07,1216.71
2005-10-24,996.08,973.53,1114.0,1021.0,1295.58,1208.15
2005-11-07,999.54,1000.38,1089.0,1005.0,1255.08,1167.34
2005-11-14,999.58,1000.42,1069.0,991.0,1245.95,1138.33
2005-11-21,999.54,1000.38,1050.0,986.0,1226.62,1118.46
2005-11-28,918.54,923.97,1047.0,983.0,1226.19,1118.46
2005-12-05,918.5,923.93,1029.0,969.0,1207.21,1108.09
2005-12-12,918.54,923.97,1032.0,974.0,1214.49,1114.85
2005-12-19,918.62,924.05,1038.0,975.0,1228.03,1128.36
2006-01-09,918.62,914.44,1046.0,978.0,1255.71,1155.76
2006-01-16,918.54,914.37,1052.0,973.0,1259.7,1157.03
2006-01-23,950.43,922.04,1057.0,979.0,1260.08,1156.96
2006-01-30,950.43,922.04,1065.0,986.0,1260.32,1157.35
2006-02-06,950.35,921.96,1069.0,992.0,1258.18,1157.27
2006-02-13,950.31,921.92,1065.0,988.0,1257.92,1157.27
2006-02-20,953.32,938.28,1051.0,971.0,1228.36,1137.2
2006-02-27,953.2,938.17,1056.0,976.0,1226.36,1137.98
2006-03-06,953.2,938.17,1059.0,983.0,1256.01,1167.02
2006-03-13,953.0,937.97,1061.0,993.0,1256.01,1167.15
2006-03-20,941.81,945.56,1071.0,1001.0,1261.81,1169.1
2006-03-27,941.61,945.36,1070.0,999.0,1261.48,1169.46
2006-04-03,941.61,945.36,1094.0,1018.0,1286.65,1169.51
2006-04-10,941.45,945.21,1100.0,1024.0,1289.98,1169.61
2006-04-24,992.86,956.14,1142.0,1053.0,1338.02,1208.09
2006-05-01,992.86,956.14,1142.0,1053.0,1342.06,1210.84
2006-05-08,992.78,956.06,1153.0,1051.0,1345.29,1212.62
2006-05-15,1050.0,1003.67,1145.0,1044.0,1344.22,1202.03
2006-05-22,1050.0,1003.67,1141.0,1039.0,1337.34,1198.22
2006-05-29,1049.91,1003.59,1139.0,1036.0,1335.81,1196.47
2006-06-05,1049.82,1003.5,1140.0,1044.0,1336.4,1196.99
2006-06-12,1036.05,974.71,1151.0,1054.0,1336.72,1197.12
2006-06-19,1036.14,974.8,1145.0,1043.0,1336.72,1197.12
2006-06-26,1036.09,974.75,1135.0,1031.0,1336.72,1197.12
2006-07-03,1036.14,974.8,1152.0,1044.0,1354.09,1197.12
2006-07-10,1041.1,976.42,1148.0,1045.0,1367.11,1201.87
2006-07-17,1041.19,976.51,1157.0,1048.0,1385.08,1207.26
2006-07-24,1041.1,976.42,1174.0,1047.0,1387.42,1207.26
2006-07-31,1041.06,976.38,1177.0,1044.0,1387.16,1206.43
2006-08-07,1088.16,996.79,1197.0,1067.0,1388.58,1206.43
2006-08-14,1088.39,997.0,1196.0,1079.0,1389.48,1206.69
2006-08-21,1088.57,997.16,1174.0,1061.0,1362.07,1207.02
2006-08-28,1088.48,997.08,1157.0,1045.0,1329.95,1206.81
2006-09-04,1065.06,999.12,1137.0,1045.0,1293.31,1188.55
2006-09-11,1065.15,999.21,1112.0,1025.0,1271.34,1177.6
2006-09-18,1065.2,999.25,1079.0,1005.0,1251.56,1158.4
2006-09-25,1065.11,999.17,1049.0,982.0,1231.52,1128.68
2006-10-02,974.62,962.52,1030.0,955.0,1230.16,1127.14
2006-10-09,974.54,962.44,1030.0,972.0,1220.03,1116.96
2006-10-16,958.38,938.35,1031.0,978.0,1219.79,1116.96
2006-10-23,958.22,938.19,1031.0,981.0,1219.79,1116.96
2006-10-30,958.6,948.17,1020.0,969.0,1219.79,1117.02
2006-11-06,958.56,948.13,1020.0,969.0,1220.03,1116.81
2006-11-13,964.86,931.06,1017.0,965.0,1219.93,1116.14
2006-11-20,964.7,930.9,1012.0,962.0,1218.78,1113.76
2006-11-27,966.79,937.16,1010.0,962.0,1218.89,1113.87
2006-12-04,966.75,937.12,1007.0,960.0,1219.22,1113.87
2006-12-11,969.21,942.92,1017.0,967.0,1219.22,1113.87
2006-12-18,969.29,943.0,1015.0,967.0,1219.22,1113.87
2007-01-08,974.0,924.0,1011.0,958.0,1218.68,1114.29
2007-01-15,974.0,924.0,989.0,935.0,1207.69,1098.03
2007-01-22,940.0,892.0,980.0,926.0,1198.79,1079.86
2007-01-29,940.0,892.0,981.0,925.0,1198.22,1079.72
2007-02-05,925.0,887.0,992.0,929.0,1198.59,1079.34
2007-02-12,925.0,887.0,1000.0,936.0,1200.79,1081.68
2007-02-19,954.0,909.0,1007.0,945.0,1201.46,1082.07
2007-02-26,954.0,909.0,1006.0,943.0,1221.66,1097.83
2007-03-05,967.0,907.0,1033.0,958.0,1231.49,1099.76
2007-03-12,967.0,907.0,1040.0,964.0,1241.27,1108.92
2007-03-19,1015.0,929.0,1042.0,963.0,1240.75,1108.92
2007-03-26,1015.0,929.0,1035.0,957.0,1240.43,1108.45
2007-04-02,1007.0,923.0,1060.0,971.0,1256.4,1113.86
2007-04-16,1046.0,954.0,1075.0,983.0,1276.21,1127.27
2007-04-23,1046.0,954.0,1080.0,987.0,1279.61,1128.12
2007-04-30,1061.0,959.0,1103.0,990.0,1293.63,1128.71
2007-05-07,1061.0,959.0,1116.0,996.0,1309.43,1129.3
2007-05-14,1097.0,961.0,1112.0,990.0,1312.83,1129.0
2007-05-21,1097.0,961.0,1114.0,989.0,1326.55,1131.89
2007-05-28,1103.0,962.0,1120.0,985.0,1342.73,1139.33
2007-06-04,1103.0,962.0,1129.0,979.0,1343.85,1147.78
2007-06-11,1105.0,975.0,1128.0,979.0,1346.21,1150.77
2007-06-18,1105.0,975.0,1135.0,990.0,1346.14,1151.9
2007-06-25,1088.0,981.0,1135.0,992.0,1350.93,1156.35
2007-07-02,1088.0,981.0,1173.0,1054.0,1351.09,1157.81
2007-07-09,1092.0,989.0,1162.0,1052.0,1352.35,1158.59
2007-07-16,1092.0,989.0,1173.0,1057.0,1358.88,1164.4
2007-07-23,1091.0,993.0,1166.0,1059.0,1356.7,1164.32
2007-07-30,1091.0,993.0,1164.0,1057.0,1348.53,1172.5
2007-08-06,1056.0,995.0,1162.0,1054.0,1332.93,1182.24
2007-08-13,1056.0,995.0,1150.0,1049.0,1302.4,1174.41
2007-08-20,1037.0,988.0,1150.0,1050.0,1301.15,1171.43
2007-08-27,1037.0,988.0,1146.0,1045.0,1293.62,1164.43
2007-09-03,1035.0,982.0,1139.0,1040.0,1297.97,1167.74
2007-09-10,1035.0,982.0,1163.0,1067.0,1308.83,1173.52
2007-09-17,1004.0,972.0,1178.0,1088.0,1307.5,1188.59
2007-09-24,1004.0,972.0,1180.0,1103.0,1313.24,1197.45
2007-10-01,1000.0,997.0,1183.0,1103.0,1314.09,1203.16
2007-10-08,1000.0,997.0,1154.0,1081.0,1311.48,1203.36
2007-10-15,988.0,984.0,1152.0,1076.0,1311.83,1203.36
2007-10-22,988.0,984.0,1171.0,1096.0,1313.46,1207.57
2007-10-29,1000.0,994.0,1175.0,1104.0,1319.09,1213.84
2007-11-05,1000.0,994.0,1214.0,1141.0,1331.65,1229.38
2007-11-12,1035.0,1031.0,1244.0,1195.0,1356.42,1259.41
2007-11-19,1035.0,1031.0,1239.0,1185.0,1360.44,1264.19
2007-11-26,1059.0,1080.0,1236.0,1204.0,1363.88,1289.21
2007-12-03,1059.0,1080.0,1227.0,1196.0,1363.44,1291.56
2007-12-10,1048.0,1086.0,1208.0,1180.0,1361.99,1290.03
2007-12-17,1048.0,1086.0,1209.0,1179.0,1358.66,1281.36
2008-01-07,1055.0,1072.0,1201.0,1180.0,1377.18,1295.83
2008-01-14,1055.0,1072.0,1204.0,1182.0,1371.94,1287.22
2008-01-21,1059.0,1055.0,1183.0,1156.0,1355.99,1260.5
2008-01-28,1059.0,1055.0,1178.0,1151.0,1351.75,1254.85
2008-02-04,1027.0,1024.0,1180.0,1160.0,1352.92,1258.77
2008-02-11,1027.0,1024.0,1169.0,1143.0,1352.35,1258.79
2008-02-18,1022.0,1030.0,1226.0,1192.0,1367.02,1278.86
2008-02-25,1022.0,1030.0,1237.0,1202.0,1385.05,1309.05
2008-03-03,1067.0,1090.0,1222.0,1189.0,1388.46,1313.45
2008-03-10,1067.0,1090.0,1236.0,1205.0,1388.75,1325.07
2008-03-17,1058.0,1113.0,1245.0,1250.0,1385.52,1349.0
2008-03-31,1055.0,1138.0,1223.0,1233.0,1363.13,1326.94
2008-04-07,1055.0,1138.0,1217.0,1224.0,1364.2,1326.47
2008-04-14,1069.0,1112.0,1237.0,1248.0,1380.4,1346.01
2008-04-21,1069.0,1112.0,1241.0,1248.0,1380.72,1366.36
2008-04-28,1083.0,1160.0,1255.0,1270.0,1395.85,1377.11
2008-05-05,1083.0,1160.0,1275.0,1288.0,1431.6,1411.36
2008-05-12,1114.0,1188.0,1290.0,1308.0,1459.08,1445.65
2008-05-19,1114.0,1188.0,1321.0,1367.0,1473.16,1467.06
2008-05-26,1157.0,1259.0,1311.0,1382.0,1497.1,1493.51
2008-06-02,1157.0,1259.0,1319.0,1397.0,1496.4,1490.21
2008-06-09,1187.0,1298.0,1341.0,1386.0,1502.78,1497.85
2008-06-16,1187.0,1298.0,1345.0,1404.0,1524.64,1520.34
2008-06-23,1206.0,1294.0,1321.0,1384.0,1525.03,1520.65
2008-06-30,1206.0,1294.0,1347.0,1431.0,1524.97,1520.52
2008-07-07,1217.0,1295.0,1329.0,1433.0,1528.3,1524.07
2008-07-14,1217.0,1295.0,1313.0,1423.0,1532.35,1528.42
2008-07-21,1212.0,1311.0,1317.0,1397.0,1524.12,1518.98
2008-07-28,1212.0,1311.0,1279.0,1380.0,1489.64,1484.71
2008-08-04,1161.0,1264.0,1284.0,1354.0,1467.45,1462.36
2008-08-11,1161.0,1264.0,1285.0,1323.0,1453.2,1427.88
2008-08-18,1129.0,1197.0,1271.0,1298.0,1448.54,1418.55
2008-08-25,1129.0,1197.0,1278.0,1308.0,1450.35,1418.25
2008-09-01,1132.0,1174.0,1304.0,1328.0,1454.13,1415.97
2008-09-08,1132.0,1174.0,1268.0,1285.0,1445.69,1396.53
2008-09-15,1141.0,1173.0,1260.0,1269.0,1444.53,1375.74
2008-09-22,1141.0,1173.0,1220.0,1243.0,1405.47,1353.28
2008-09-29,1114.0,1136.0,1219.0,1241.0,1413.39,1362.77
2008-10-06,1114.0,1136.0,1182.0,1208.0,1403.83,1359.63
2008-10-13,1086.0,1145.0,1171.0,1197.0,1351.51,1297.76
2008-10-20,1086.0,1145.0,1121.0,1147.0,1292.85,1252.68
2008-10-27,984.0,1044.0,1105.0,1136.0,1266.53,1232.3
2008-11-03,984.0,1044.0,1083.0,1129.0,1255.69,1217.37
2008-11-10,936.0,997.0,1083.0,1138.0,1222.51,1209.92
2008-11-17,936.0,997.0,1047.0,1116.0,1199.76,1192.67
2008-11-24,877.0,976.0,999.0,1072.0,1154.11,1148.63
2008-12-01,877.0,976.0,976.0,1046.0,1146.96,1141.85
2008-12-08,827.0,914.0,942.0,1000.0,1127.81,1113.02
2008-12-15,827.0,914.0,909.0,950.0,1114.59,1080.19
2009-01-05,827.0,914.0,876.0,902.0,1082.64,1022.49
2009-01-12,827.0,914.0,939.0,963.0,1112.87,1052.18
2009-01-19,906.0,943.0,936.0,957.0,1132.41,1070.11
2009-01-26,906.0,943.0,956.0,964.0,1136.43,1061.0
2009-02-02,941.0,948.0,941.0,947.0,1144.18,1062.59
2009-02-09,941.0,948.0,961.0,956.0,1142.07,1065.93
2009-02-16,965.0,947.0,975.0,958.0,1134.66,1061.17
2009-02-23,965.0,947.0,943.0,925.0,1143.29,1033.24
2009-03-02,960.0,947.0,945.0,922.0,1156.23,1020.86
2009-03-09,960.0,947.0,945.0,908.0,1160.68,1018.14
2009-03-16,960.0,947.0,953.0,903.0,1165.0,1018.83
2009-03-23,960.0,947.0,948.0,897.0,1164.48,1026.5
2009-03-30,970.0,956.0,956.0,926.0,1186.42,1041.53
2009-04-06,970.0,956.0,968.0,924.0,1175.87,1032.3
2009-04-20,996.0,987.0,996.0,949.0,1196.31,1051.82
2009-04-27,1008.0,989.0,1018.0,953.0,1197.58,1055.19
2009-05-04,1008.0,989.0,1010.0,935.0,1183.32,1051.86
2009-05-11,1010.0,990.0,1028.0,951.0,1229.38,1071.09
2009-05-18,1010.0,990.0,1045.0,958.0,1234.04,1066.09
2009-05-25,1047.0,1012.0,1043.0,940.0,1263.06,1060.03
2009-06-01,1047.0,1012.0,1052.0,937.0,1275.81,1064.7
2009-06-08,1081.0,1014.0,1103.0,976.0,1283.37,1090.13
2009-06-15,1081.0,1014.0,1121.0,1008.0,1305.07,1109.55
2009-06-22,1106.0,1059.0,1136.0,1016.0,1316.06,1118.09
2009-06-29,1106.0,1059.0,1102.0,1006.0,1291.46,1101.62
2009-07-06,1107.0,1050.0,1109.0,1010.0,1279.43,1096.17
2009-07-13,1107.0,1050.0,1079.0,982.0,1259.53,1074.66
2009-07-20,1100.0,1050.0,1063.0,965.0,1251.29,1064.92
2009-07-27,1100.0,1050.0,1077.0,981.0,1279.4,1102.77
2009-08-03,1099.0,1012.0,1084.0,986.0,1280.03,1104.0
2009-08-10,1099.0,1012.0,1113.0,1015.0,1307.44,1127.23
2009-08-17,1146.0,1050.0,1123.0,1019.0,1303.9,1123.63
2009-08-24,1146.0,1050.0,1116.0,1014.0,1296.28,1118.92
2009-08-31,1142.0,1061.0,1109.0,1009.0,1292.07,1116.85
2009-09-07,1142.0,1061.0,1096.0,1001.0,1272.05,1094.85
2009-09-14,1117.0,1043.0,1091.0,992.0,1270.04,1092.99
2009-09-21,1117.0,1043.0,1077.0,977.0,1267.19,1091.4
2009-09-28,1100.0,1026.0,1067.0,971.0,1241.0,1075.68
2009-10-05,1100.0,1026.0,1046.0,961.0,1236.39,1079.16
2009-10-12,1079.0,1015.0,1048.0,962.0,1251.18,1086.55
2009-10-19,1079.0,1015.0,1072.0,991.0,1264.46,1106.49
2009-10-26,1099.0,1036.0,1101.0,1017.0,1286.54,1126.57
2009-11-02,1099.0,1036.0,1106.0,1019.0,1294.88,1134.57
2009-11-09,1135.0,1068.0,1117.0,1028.0,1293.08,1129.46
2009-11-16,1135.0,1068.0,1111.0,1024.0,1282.61,1116.63
2009-11-23,1125.0,1061.0,1120.0,1028.0,1288.77,1124.63
2009-11-30,1125.0,1061.0,1110.0,1014.0,1281.29,1117.5
2009-12-07,1125.0,1056.0,1120.0,1028.0,1281.07,1118.06
2009-12-14,1125.0,1056.0,1098.0,1011.0,1270.31,1108.88
2009-12-21,1115.0,1053.0,1094.0,1007.0,1263.98,1113.34
2010-01-04,1116.0,1054.0,1098.0,1010.0,1293.97,1135.46
2010-01-11,1116.0,1054.0,1142.0,1050.0,1310.76,1152.97
2010-01-18,1158.0,1096.0,1137.0,1042.0,1315.94,1157.52
2010-01-25,1158.0,1096.0,1113.0,1017.0,1313.83,1147.15
2010-02-01,1152.0,1082.0,1092.0,1001.0,1312.6,1136.04
2010-02-08,1152.0,1082.0,1111.0,1015.0,1320.82,1142.94
2010-02-15,1157.0,1073.0,1090.0,996.0,1306.98,1135.23
2010-02-22,1157.0,1073.0,1109.0,1009.0,1311.1,1155.08
2010-03-01,1154.0,1085.0,1128.0,1032.0,1333.18,1180.87
2010-03-08,1154.0,1085.0,1143.0,1038.0,1352.43,1181.81
2010-03-15,1173.0,1091.0,1181.0,1080.0,1363.15,1189.53
2010-03-22,1173.0,1091.0,1196.0,1097.0,1376.49,1200.84
2010-03-29,1194.0,1111.0,1207.0,1106.0,1377.49,1201.89
2010-04-12,1204.0,1125.0,1224.0,1126.0,1392.62,1219.94
2010-04-19,1204.0,1125.0,1225.0,1129.0,1392.12,1223.21
2010-04-26,1211.0,1151.0,1218.0,1124.0,1389.67,1230.4
2010-05-03,1211.0,1151.0,1235.0,1139.0,1404.64,1247.62
2010-05-10,1215.0,1161.0,1232.0,1138.0,1399.64,1245.73
2010-05-17,1215.0,1161.0,1223.0,1133.0,1394.59,1251.03
2010-05-24,1215.0,1166.0,1205.0,1117.0,1372.59,1227.12
2010-05-31,1215.0,1166.0,1203.0,1116.0,1359.33,1216.1
2010-06-07,1192.0,1143.0,1202.0,1116.0,1372.18,1229.93
2010-06-14,1192.0,1143.0,1210.0,1125.0,1376.18,1239.59
2010-06-21,1213.0,1170.0,1217.0,1132.0,1391.59,1251.71
2010-06-28,1213.0,1170.0,1211.0,1132.0,1395.7,1247.92
2010-07-05,1223.0,1187.0,1205.0,1118.0,1377.65,1219.59
2010-07-12,1223.0,1187.0,1188.0,1103.0,1372.37,1212.09
2010-07-19,1217.0,1162.0,1202.0,1110.0,1365.56,1207.36
2010-07-26,1217.0,1162.0,1196.0,1108.0,1355.44,1201.61
2010-08-02,1216.0,1164.0,1191.0,1103.0,1362.8,1210.47
2010-08-09,1216.0,1164.0,1198.0,1117.0,1366.78,1214.2
2010-08-16,1216.0,1176.0,1194.0,1115.0,1365.94,1212.66
2010-08-23,1216.0,1176.0,1185.0,1112.0,1359.69,1210.96
2010-08-30,1196.0,1169.0,1182.0,1111.0,1350.36,1207.52
2010-09-06,1196.0,1169.0,1190.0,1114.0,1349.91,1208.93
2010-09-13,1202.0,1166.0,1199.0,1122.0,1359.13,1222.45
2010-09-20,1202.0,1166.0,1200.0,1121.0,1364.74,1227.79
2010-09-27,1211.0,1175.0,1186.0,1115.0,1347.96,1215.9
2010-10-04,1211.0,1175.0,1177.0,1111.0,1344.06,1211.67
2010-10-11,1211.0,1175.0,1193.0,1124.0,1354.47,1223.72
2010-10-18,1211.0,1175.0,1198.0,1126.0,1358.83,1229.15
2010-10-25,1228.0,1180.0,1192.0,1120.0,1351.57,1223.7
2010-11-08,1214.0,1172.0,1190.0,1125.0,1363.98,1233.93
2010-11-15,1214.0,1172.0,1204.0,1141.0,1381.46,1255.91
2010-11-22,1229.0,1192.0,1201.0,1142.0,1377.11,1248.88
2010-11-29,1229.0,1192.0,1215.0,1152.0,1384.92,1260.41
2010-12-06,1238.0,1193.0,1245.0,1179.0,1412.07,1285.61
2010-12-13,1238.0,1193.0,1263.0,1198.0,1419.32,1295.23
2010-12-20,1262.0,1216.0,1241.0,1184.0,1417.72,1292.5
2011-01-03,1263.0,1233.0,1278.0,1225.0,1437.5,1312.12
2011-01-10,1263.0,1233.0,1294.0,1250.0,1444.69,1318.27
2011-01-17,1279.0,1237.0,1294.0,1282.0,1465.6,1340.35
2011-01-24,1279.0,1237.0,1293.0,1264.0,1470.51,1349.45
2011-01-31,1279.0,1237.0,1277.0,1252.0,1465.82,1345.89
2011-02-07,1279.0,1237.0,1286.0,1265.0,1465.98,1346.85
2011-02-14,1279.0,1237.0,1296.0,1280.0,1466.05,1347.68
2011-02-21,1279.0,1237.0,1299.0,1288.0,1474.65,1358.03
2011-02-28,1279.0,1237.0,1330.0,1312.0,1507.97,1392.09
2011-03-07,1279.0,1237.0,1354.0,1345.0,1524.87,1416.67
2011-03-14,1279.0,1237.0,1361.0,1351.0,1531.48,1422.61
2011-03-21,1279.0,1237.0,1342.0,1345.0,1527.15,1425.26
2011-03-28,1278.0,1238.0,1352.0,1352.0,1521.36,1428.57
2011-04-04,1278.0,1238.0,1362.0,1346.0,1523.01,1429.17
2011-04-11,1292.0,1237.0,1389.0,1364.0,1549.87,1456.62
2011-04-18,1292.0,1237.0,1392.0,1358.0,1554.8,1459.77
2011-05-02,1292.0,1254.0,1409.0,1354.0,1552.47,1456.81
2011-05-09,1307.0,1241.0,1404.0,1337.0,1556.04,1425.32
2011-05-16,1307.0,1241.0,1406.0,1322.0,1550.81,1408.96
2011-05-23,1295.0,1217.0,1379.0,1303.0,1538.32,1403.06
2011-05-30,1295.0,1217.0,1382.0,1312.0,1537.32,1402.98
2011-06-06,1278.0,1221.0,1376.0,1309.0,1535.3,1401.79
2011-06-13,1278.0,1221.0,1376.0,1324.0,1530.59,1403.85
2011-06-20,1264.0,1233.0,1374.0,1331.0,1529.36,1411.69
2011-06-27,1264.0,1233.0,1351.0,1311.0,1506.84,1384.81
2011-07-04,1255.0,1225.0,1346.0,1316.0,1555.63,1428.62
2011-07-11,1255.0,1225.0,1368.0,1322.0,1577.14,1449.14
2011-07-18,1264.0,1213.0,1385.0,1334.0,1589.8,1464.57
2011-07-25,1264.0,1213.0,1392.0,1345.0,1590.24,1465.31
2011-08-01,1287.0,1238.0,1374.0,1331.0,1597.52,1473.98
2011-08-08,1287.0,1238.0,1378.0,1335.0,1592.74,1467.92
2011-08-22,1287.0,1238.0,1351.0,1308.0,1568.84,1442.67
2011-08-29,1287.0,1238.0,1352.0,1310.0,1567.91,1441.63
2011-09-05,1287.0,1238.0,1385.0,1334.0,1575.39,1449.27
2011-09-12,1287.0,1238.0,1398.0,1341.0,1590.44,1464.8
2011-09-19,1287.0,1238.0,1394.0,1344.0,1605.45,1482.81
2011-09-26,1287.0,1238.0,1384.0,1341.0,1604.02,1485.8
2011-10-03,1287.0,1238.0,1365.0,1333.0,1594.12,1482.51
2011-10-10,1313.0,1263.0,1363.0,1338.0,1585.94,1479.61
2011-10-17,1313.0,1263.0,1367.0,1346.0,1589.06,1481.21
2011-10-24,1320.0,1269.0,1368.0,1352.0,1597.1,1491.04
2011-10-31,1320.0,1269.0,1361.0,1361.0,1588.92,1489.35
2011-11-07,1320.0,1269.0,1365.0,1363.0,1592.13,1501.36
2011-11-14,1320.0,1269.0,1377.0,1387.0,1594.72,1516.18
2011-11-21,1320.0,1269.0,1372.0,1400.0,1587.57,1525.03
2011-11-28,1320.0,1269.0,1354.0,1378.0,1576.98,1529.3
2011-12-05,1320.0,1269.0,1353.0,1379.0,1575.3,1525.92
2011-12-12,1320.0,1269.0,1353.0,1374.0,1672.73,1658.31
2011-12-19,1328.0,1277.0,1352.0,1366.0,1673.5,1653.99
2012-01-09,1342.0,1277.0,1374.0,1378.0,1694.02,1664.02
2012-01-16,1380.0,1305.0,1399.0,1403.0,1709.35,1681.51
2012-01-23,1380.0,1305.0,1394.0,1397.0,1712.78,1687.0
2012-01-30,1406.0,1324.0,1392.0,1388.0,1717.62,1685.18
2012-02-06,1406.0,1324.0,1397.0,1388.0,1726.8,1682.54
2012-02-13,1412.0,1302.0,1409.0,1403.0,1736.54,1691.14
2012-02-20,1412.0,1302.0,1431.0,1422.0,1752.49,1702.09
2012-02-27,1438.0,1335.0,1436.0,1421.0,1765.72,1712.95
2012-03-05,1438.0,1335.0,1451.0,1424.0,1771.22,1716.18
2012-03-12,1463.0,1343.0,1472.0,1438.0,1803.64,1722.74
2012-03-19,1463.0,1343.0,1484.0,1442.0,1818.29,1730.55
2012-03-26,1493.0,1365.0,1491.0,1446.0,1829.16,1735.72
2012-04-02,1493.0,1365.0,1513.0,1445.0,1842.69,1738.19
2012-04-16,1528.0,1358.0,1526.0,1441.0,1856.26,1735.1
2012-04-23,1536.0,1344.0,1521.0,1432.0,1853.82,1730.82
2012-04-30,1536.0,1344.0,1493.0,1418.0,1851.92,1727.34
2012-05-07,1488.0,1337.0,1474.0,1419.0,1831.02,1722.47
2012-05-14,1488.0,1337.0,1453.0,1401.0,1786.78,1694.62
2012-05-21,1435.0,1320.0,1439.0,1392.0,1777.45,1684.69
2012-05-28,1435.0,1320.0,1434.0,1377.0,1775.12,1679.2
2012-06-04,1427.0,1309.0,1438.0,1379.0,1778.29,1678.22
2012-06-11,1427.0,1309.0,1425.0,1367.0,1768.17,1664.54
2012-06-18,1414.0,1296.0,1407.0,1345.0,1755.34,1649.06
2012-06-25,1414.0,1296.0,1376.0,1319.0,1730.53,1622.76
2012-07-02,1374.0,1267.0,1395.0,1332.0,1719.88,1613.52
2012-07-09,1374.0,1267.0,1403.0,1345.0,1743.23,1634.69
2012-07-16,1433.0,1320.0,1432.0,1370.0,1757.58,1648.74
2012-07-23,1433.0,1320.0,1456.0,1404.0,1777.87,1682.95
2012-07-30,1482.0,1382.0,1444.0,1395.0,1779.47,1687.82
2012-08-06,1482.0,1382.0,1455.0,1398.0,1785.91,1689.27
2012-08-13,1507.0,1387.0,1473.0,1426.0,1812.09,1711.27
2012-08-20,1507.0,1387.0,1509.0,1445.0,1847.42,1740.3
2012-08-27,1562.0,1429.0,1520.0,1457.0,1870.13,1759.24
2012-09-03,1562.0,1429.0,1505.0,1444.0,1870.61,1759.94
2012-09-10,1576.0,1444.0,1547.0,1466.0,1889.81,1777.8
2012-09-17,1576.0,1444.0,1540.0,1458.0,1877.64,1773.15
2012-09-24,1576.0,1444.0,1511.0,1438.0,1845.73,1747.41
2012-10-01,1576.0,1444.0,1506.0,1436.0,1845.18,1746.67
2012-10-08,1544.0,1424.0,1504.0,1440.0,1836.78,1744.68
2012-10-15,1544.0,1424.0,1505.0,1452.0,1845.42,1749.97
2012-10-22,1570.0,1440.0,1463.0,1435.0,1824.77,1747.21
2012-10-29,1570.0,1440.0,1427.0,1422.0,1795.39,1731.79
2012-11-05,1499.0,1419.0,1415.0,1418.0,1763.35,1715.76
2012-11-12,1499.0,1419.0,1406.0,1417.0,1746.58,1704.88
2012-11-19,1465.0,1393.0,1401.0,1410.0,1749.7,1707.51
2012-11-26,1465.0,1393.0,1402.0,1413.0,1754.61,1712.26
2012-12-03,1484.0,1402.0,1402.0,1410.0,1750.21,1707.91
2012-12-10,1484.0,1402.0,1396.0,1392.0,1742.58,1699.14
2012-12-17,1478.0,1394.0,1393.0,1384.0,1745.42,1697.37
2013-01-07,1486.0,1385.0,1398.0,1371.0,1751.39,1699.08
2013-01-14,1501.0,1395.0,1407.0,1384.0,1759.22,1700.29
2013-01-21,1501.0,1395.0,1394.0,1374.0,1742.23,1683.13
2013-01-28,1516.0,1407.0,1405.0,1379.0,1751.4,1691.0
2013-02-04,1516.0,1407.0,1419.0,1380.0,1764.56,1694.41
2013-02-11,1549.0,1411.0,1438.0,1395.0,1778.32,1696.86
2013-02-18,1549.0,1411.0,1454.0,1406.0,1796.01,1705.01
2013-02-25,1549.0,1411.0,1459.0,1412.0,1810.42,1710.96
2013-03-04,1549.0,1411.0,1426.0,1378.0,1809.72,1706.02
2013-03-11,1547.0,1402.0,1403.0,1364.0,1803.82,1698.54
2013-03-18,1547.0,1402.0,1396.0,1361.0,1788.22,1686.98
2013-03-25,1505.0,1381.0,1397.0,1351.0,1780.4,1679.05
2013-04-01,1505.0,1381.0,,,,
2013-04-08,1514.0,1381.0,1413.0,1386.0,1771.04,1667.3
2013-04-15,1514.0,1381.0,1392.0,1345.0,1753.09,1648.77
2013-04-22,1492.0,1372.0,1368.0,1320.0,1722.85,1621.6
2013-04-29,1492.0,1372.0,1372.0,1323.0,1711.15,1608.09
2013-05-06,1461.0,1332.0,1367.0,1321.0,1713.09,1608.48
2013-05-13,1461.0,1332.0,1383.0,1337.0,1709.84,1605.18
2013-05-20,1463.0,1341.0,1388.0,1342.0,1717.14,1615.03
2013-05-27,1463.0,1341.0,1394.0,1344.0,1732.97,1628.06
2013-06-03,1479.0,1351.0,1395.0,1347.0,1736.48,1631.24
2013-06-10,1479.0,1351.0,1395.0,1341.0,1735.46,1626.73
2013-06-17,1484.0,1345.0,1390.0,1335.0,1731.16,1622.02
2013-06-24,1484.0,1345.0,1392.0,1337.0,1732.15,1625.39
2013-07-01,1495.0,1366.0,1395.0,1341.0,1735.03,1625.78
2013-07-08,1495.0,1366.0,1398.0,1349.0,1740.69,1631.91
2013-07-15,1493.0,1376.0,1427.0,1368.0,1762.13,1652.72
2013-07-22,1493.0,1376.0,1429.0,1364.0,1771.41,1661.25
2013-07-29,1518.0,1392.0,1419.0,1354.0,1771.29,1660.73
2013-08-05,1518.0,1392.0,1416.0,1354.0,1769.81,1659.68
2013-08-12,1514.0,1389.0,1408.0,1347.0,1768.79,1658.31
2013-08-19,1514.0,1389.0,1418.0,1362.0,1762.01,1652.96
2013-08-26,1496.0,1389.0,1415.0,1363.0,1768.98,1659.96
2013-09-02,1496.0,1389.0,1441.0,1383.0,1781.63,1669.75
2013-09-09,1523.0,1406.0,1432.0,1386.0,1786.03,1680.74
2013-09-16,1523.0,1406.0,1398.0,1379.0,1775.87,1681.71
2013-09-23,1487.0,1418.0,1387.0,1374.0,1753.85,1677.51
2013-09-30,1487.0,1418.0,1375.0,1364.0,1733.59,1662.38
2013-10-07,1448.0,1378.0,1355.0,1350.0,1733.54,1663.07
2013-10-14,1448.0,1378.0,1372.0,1363.0,1728.67,1660.1
2013-10-21,1444.0,1370.0,1362.0,1352.0,1726.66,1658.37
2013-10-28,1444.0,1370.0,1338.0,1334.0,1717.23,1650.27
2013-11-04,1439.0,1365.0,1333.0,1329.0,1700.72,1633.9
2013-11-11,1439.0,1365.0,1329.0,1326.0,1700.4,1633.38
2013-11-18,1416.0,1357.0,1345.0,1339.0,1701.74,1635.38
2013-11-25,1416.0,1357.0,1355.0,1347.0,1714.12,1646.43
2013-12-02,1441.0,1368.0,1349.0,1345.0,1725.91,1656.81
2013-12-09,1441.0,1368.0,1362.0,1356.0,1728.42,1657.62
2013-12-16,1446.0,1387.0,1353.0,1347.0,1728.15,1655.97
2014-01-06,1435.0,1370.0,1341.0,1333.0,1729.28,1656.65
2014-01-13,1450.0,1376.0,1343.0,1330.0,1722.64,1649.69
2014-01-20,1450.0,1376.0,1334.0,1322.0,1718.35,1641.94
2014-01-27,1434.0,1359.0,1341.0,1332.0,1715.37,1639.49
2014-02-03,1434.0,1359.0,1336.0,1327.0,1714.05,1639.31
2014-02-10,1440.0,1326.0,1338.0,1329.0,1711.1,1636.42
2014-02-17,1440.0,1326.0,1353.0,1333.0,1714.66,1637.98
2014-02-24,1450.0,1325.0,1358.0,1337.0,1717.87,1636.92
2014-03-03,1450.0,1325.0,1350.0,1334.0,1717.87,1635.83
2014-03-10,1463.0,1332.0,1344.0,1329.0,1717.1,1635.36
2014-03-17,1463.0,1332.0,1344.0,1320.0,1712.82,1627.35
2014-03-24,1451.0,1351.0,1337.0,1311.0,1704.55,1615.99
2014-03-31,1451.0,1351.0,1345.0,1313.0,1714.44,1622.79
2014-04-07,1454.0,1345.0,1347.0,1311.0,1722.85,1627.43
2014-04-14,1454.0,1345.0,1359.0,1316.0,1725.6,1628.62
2014-04-28,1477.0,1366.0,1373.0,1319.0,1737.54,1633.1
2014-05-05,1495.0,1378.0,1368.0,1313.0,1738.96,1634.01
2014-05-12,1495.0,1378.0,1356.0,1305.0,1736.34,1629.97
2014-05-19,1470.0,1363.0,1366.0,1319.0,1734.87,1627.29
2014-05-26,1470.0,1363.0,1365.0,1314.0,1739.39,1629.38
2014-06-02,1483.0,1376.0,1370.0,1319.0,1739.27,1631.13
2014-06-09,1483.0,1376.0,1363.0,1298.0,1740.27,1628.99
2014-06-16,1487.0,1365.0,1383.0,1341.0,1741.44,1629.38
2014-06-23,1487.0,1365.0,1398.0,1326.0,1753.34,1637.47
2014-06-30,1498.0,1377.0,1399.0,1319.0,1759.34,1642.62
2014-07-07,1498.0,1377.0,1393.0,1309.0,1762.4,1643.38
2014-07-14,1498.0,1377.0,1387.0,1301.0,1763.22,1637.75
2014-07-21,1498.0,1377.0,1387.0,1300.0,1758.78,1626.54
2014-07-28,1478.0,1356.0,1381.0,1299.0,1757.95,1622.72
2014-08-04,1478.0,1356.0,1381.0,1305.0,1755.25,1623.08
2014-08-11,1463.0,1365.0,1365.0,1300.0,1751.42,1622.87
2014-08-18,1463.0,1365.0,1340.0,1293.0,1748.72,1621.66
2014-08-25,1443.0,1360.0,1346.0,1291.0,1741.16,1618.22
2014-09-01,1443.0,1360.0,1362.0,1300.0,1739.31,1617.49
2014-09-08,1441.0,1355.0,1391.0,1323.0,1736.93,1616.55
2014-09-15,1441.0,1355.0,1386.0,1316.0,1734.9,1615.28
2014-09-22,1447.0,1359.0,1382.0,1312.0,1730.05,1612.0
2014-09-29,1447.0,1359.0,1379.0,1304.0,1724.17,1607.04
2014-10-06,1447.0,1359.0,1383.0,1303.0,1722.64,1606.05
2014-10-13,1447.0,1359.0,1373.0,1286.0,1717.65,1598.82
2014-10-20,1447.0,1359.0,1344.0,1269.0,1697.97,1582.19
2014-10-27,1447.0,1359.0,1319.0,1260.0,1680.98,1570.13
2014-11-03,1428.0,1345.0,1320.0,1271.0,1665.92,1562.69
2014-11-10,1428.0,1345.0,1311.0,1269.0,1657.31,1556.26
2014-11-17,1431.0,1351.0,1312.0,1265.0,1647.85,1551.05
2014-11-24,1431.0,1351.0,1294.0,1247.0,1634.72,1541.16
2014-12-01,1403.0,1332.0,1276.0,1223.0,1623.75,1531.6
2014-12-08,1403.0,1332.0,1221.0,1193.0,1595.6,1505.87
2014-12-15,1362.0,1286.0,1191.0,1168.0,1565.86,1472.66
2015-01-05,1292.0,1225.0,1167.0,1144.0,1505.75,1425.68
2015-01-12,1268.0,1197.0,1128.0,1106.0,1472.82,1387.85
2015-01-19,1268.0,1197.0,1109.0,1078.0,1448.29,1359.97
2015-01-26,1240.0,1157.0,1112.0,1082.0,1437.04,1347.99
2015-02-02,1240.0,1157.0,1116.0,1091.0,1445.71,1356.19
2015-02-09,1258.0,1170.0,1153.0,1125.0,1477.26,1387.76
2015-02-16,1258.0,1170.0,1171.0,1148.0,1513.69,1423.98
2015-02-23,1308.0,1220.0,1183.0,1164.0,1533.68,1446.55
2015-03-02,1308.0,1220.0,1196.0,1180.0,1546.8,1460.27
2015-03-09,1308.0,1220.0,1211.0,1178.0,1562.33,1468.37
2015-03-16,1308.0,1220.0,1220.0,1169.0,1575.58,1467.49
2015-03-23,1323.0,1219.0,1215.0,1150.0,1578.16,1456.47
2015-03-30,1323.0,1219.0,1232.0,1153.0,1578.03,1450.87
2015-04-13,1316.0,1198.0,1223.0,1145.0,1574.67,1441.83
2015-04-20,1311.0,1197.0,1255.0,1177.0,1584.72,1452.21
2015-04-27,1311.0,1197.0,1269.0,1188.0,1601.77,1467.84
2015-05-04,1362.0,1245.0,1264.0,1184.0,1610.62,1475.76
2015-05-11,1362.0,1245.0,1269.0,1188.0,1616.71,1481.84
2015-05-18,1369.0,1255.0,1254.0,1177.0,1616.12,1482.95
2015-05-25,1369.0,1255.0,1276.0,1193.0,1614.23,1482.16
2015-06-01,1364.0,1252.0,1275.0,1188.0,1616.16,1484.61
2015-06-08,1364.0,1252.0,1281.0,1188.0,1619.01,1482.16
2015-06-15,1364.0,1242.0,1297.0,1189.0,1623.21,1474.15
2015-06-22,1364.0,1242.0,1291.0,1178.0,1631.53,1473.23
2015-06-29,1372.0,1228.0,1286.0,1174.0,1627.85,1463.59
2015-07-06,1372.0,1228.0,1294.0,1173.0,1625.2,1460.32
2015-07-13,1353.0,1222.0,1305.0,1152.0,1628.05,1453.38
2015-07-20,1353.0,1222.0,1293.0,1139.0,1629.76,1448.0
2015-07-27,1353.0,1187.0,1286.0,1131.0,1616.44,1432.92
2015-08-03,1353.0,1187.0,1269.0,1112.0,1592.6,1417.22
2015-08-10,1331.0,1178.0,1262.0,1097.0,1574.19,1402.17
2015-08-17,1331.0,1178.0,1230.0,1087.0,1563.33,1395.66
2015-08-24,1287.0,1152.0,1204.0,1077.0,1542.91,1381.51
2015-08-31,1287.0,1152.0,1183.0,1065.0,1506.09,1351.08
2015-09-07,1232.0,1121.0,1180.0,1084.0,1498.16,1357.2
2015-09-14,1232.0,1121.0,1173.0,1082.0,1502.48,1369.63
2015-09-21,1241.0,1146.0,1160.0,1073.0,1487.74,1359.0
2015-09-28,1241.0,1146.0,1157.0,1076.0,1478.23,1352.25
2015-10-05,1217.0,1128.0,1141.0,1071.0,1473.02,1349.16
2015-10-12,1217.0,1128.0,1148.0,1082.0,1480.5,1353.62
2015-10-19,1224.0,1133.0,1124.0,1062.0,1476.41,1350.05
2015-10-26,1224.0,1133.0,1109.0,1048.0,1461.32,1338.99
2015-11-02,1199.0,1106.0,1123.0,1066.0,1455.8,1338.3
2015-11-09,1199.0,1106.0,1144.0,1079.0,1462.65,1345.65
2015-11-16,1216.0,1121.0,1152.0,1080.0,1460.79,1344.38
2015-11-23,1216.0,1121.0,1134.0,1070.0,1450.34,1334.34
2015-11-30,1205.0,1113.0,1140.0,1070.0,1457.51,1338.51
2015-12-07,1205.0,1113.0,1128.0,1041.0,1460.16,1333.09
2015-12-14,1220.0,1099.0,1110.0,1020.0,1451.12,1311.81
2016-01-04,1183.0,1025.0,1094.0,987.0,1430.07,1256.07
2016-01-11,1175.0,1015.0,1088.0,981.0,1426.66,1247.32
2016-01-18,1175.0,1015.0,1063.0,954.0,1409.38,1221.92
2016-01-25,1159.0,988.0,1054.0,936.0,1392.09,1196.01
2016-02-01,1159.0,988.0,1057.0,943.0,1387.46,1186.14
2016-02-08,1155.0,978.0,1051.0,948.0,1392.39,1197.52
2016-02-15,1155.0,978.0,1036.0,938.0,1373.5,1192.98
2016-02-22,1119.0,992.0,1043.0,953.0,1361.81,1192.03
2016-02-29,1119.0,992.0,1037.0,950.0,1361.22,1199.42
2016-03-07,1112.0,1000.0,1038.0,957.0,1370.64,1207.28
2016-03-14,1112.0,1000.0,1057.0,983.0,1391.51,1229.71
2016-03-21,1157.0,1038.0,1056.0,988.0,1406.7,1243.24
2016-04-04,1185.0,1050.0,1082.0,982.0,1413.36,1243.4
2016-04-11,1185.0,1050.0,1087.0,974.0,1411.23,1225.62
2016-04-18,1176.0,1020.0,1099.0,988.0,1426.2,1233.46
2016-04-25,1176.0,1020.0,1120.0,1019.0,1438.74,1247.14
2016-05-02,1202.0,1059.0,1137.0,1032.0,1446.96,1265.13
2016-05-09,1202.0,1059.0,1125.0,1024.0,1448.63,1273.79
2016-05-16,1204.0,1079.0,1128.0,1031.0,1445.54,1268.48
2016-05-23,1204.0,1079.0,1138.0,1043.0,1463.42,1289.46
2016-05-30,1218.0,1099.0,1161.0,1068.0,1476.71,1309.85
2016-06-06,1218.0,1099.0,1164.0,1070.0,1484.45,1320.9
2016-06-13,1238.0,1130.0,1152.0,1068.0,1479.97,1319.29
2016-06-20,1238.0,1130.0,1148.0,1060.0,1473.96,1317.76
2016-06-27,1217.0,1123.0,1154.0,1062.0,1470.98,1315.12
2016-07-04,1217.0,1123.0,1152.0,1066.0,1468.26,1311.97
2016-07-11,1223.0,1120.0,1132.0,1048.0,1459.7,1308.54
2016-07-18,1223.0,1120.0,1117.0,1045.0,1448.71,1303.79
2016-07-25,1186.0,1102.0,1115.0,1048.0,1444.46,1299.47
2016-08-01,1186.0,1102.0,1098.0,1029.0,1432.49,1289.4
2016-08-08,1174.0,1080.0,1093.0,1013.0,1422.53,1282.14
2016-08-15,1174.0,1080.0,1092.0,1017.0,1426.52,1282.5
2016-08-22,1175.0,1066.0,1114.0,1045.0,1441.35,1290.71
2016-08-29,1175.0,1066.0,1108.0,1044.0,1454.76,1306.83
2016-09-05,1213.0,1112.0,1114.0,1045.0,1456.77,1304.83
2016-09-12,1213.0,1112.0,1119.0,1053.0,1452.0,1299.1
2016-09-19,1209.0,1098.4,1116.0,1040.0,1451.92,1297.49
2016-09-26,1203.0,1090.3,1121.0,1049.0,1451.9,1296.81
2016-10-03,1205.0,1090.6,1125.0,1054.0,1456.38,1302.42
2016-10-10,1207.0,1099.0,1142.0,1079.0,1471.23,1318.38
2016-10-17,1226.0,1124.0,1157.0,1091.0,1482.87,1330.2
2016-10-24,1226.0,1124.0,1154.0,1087.0,1487.2,1335.48
2016-10-31,1245.0,1149.0,1147.0,1090.0,1494.82,1340.52
2016-11-07,1245.0,1149.0,1137.0,1075.0,1487.1,1339.24
2016-11-14,1236.0,1131.0,1117.0,1063.0,1473.9,1323.48
2016-11-21,1228.0,1123.0,1118.0,1063.0,1458.41,1311.12
2016-11-28,1219.0,1113.6,1129.0,1082.0,1468.14,1320.87
2016-12-05,1206.0,1104.1,1154.0,1110.0,1478.6,1332.67
2016-12-12,1218.52,1117.55,1160.0,1111.0,1499.34,1350.05
2016-12-19,1241.89,1137.97,1171.0,1126.0,1508.88,1369.06
2017-01-02,1270.44,1171.59,1194.0,1147.0,1535.52,1391.9
2017-01-09,1279.71,1177.32,1194.0,1142.0,1550.03,1404.9
2017-01-16,1301.92,1193.65,1192.0,1133.0,1547.49,1400.12
2017-01-23,1300.43,1190.34,1189.0,1125.0,1544.75,1397.33
2017-01-30,1297.64,1188.42,1182.0,1121.0,1543.74,1395.46
2017-02-06,1295.94,1184.26,1190.0,1126.0,1546.0,1397.6
2017-02-13,1296.37,1180.88,1195.0,1126.0,1549.55,1399.97
2017-02-20,1297.93,1182.62,1206.0,1131.0,1555.14,1402.69
2017-02-27,1297.54,1188.63,1212.0,1143.0,1555.24,1403.0
2017-03-06,1299.87,1188.56,1203.0,1132.0,1555.19,1403.59
2017-03-13,1302.59,1191.44,1183.0,1119.0,1548.9,1402.0
2017-03-20,1290.13,1190.55,1151.0,1098.0,1539.01,1393.57
2017-03-27,1275.63,1180.17,1144.0,1095.0,1532.13,1387.31
2017-04-03,1265.08,1163.0,1165.0,1104.0,1527.07,1383.0
2017-04-10,1255.19,1143.75,1194.0,1117.0,1538.09,1392.61
2017-04-24,1282.55,1164.85,1200.0,1121.0,1559.28,1410.49
2017-05-01,1292.91,1171.46,1190.0,1107.0,1555.83,1405.52
2017-05-08,1308.02,1183.07,1173.0,1090.0,1539.66,1391.7
2017-05-15,1282.3,1160.33,1172.0,1087.0,1529.24,1378.8
2017-05-22,1253.91,1138.4,1173.0,1091.0,1525.19,1376.0
2017-05-29,1251.61,1136.23,1173.0,1092.0,1523.83,1375.87
2017-06-05,1251.4,1136.84,1162.0,1075.0,1519.38,1370.7
2017-06-12,1249.87,1136.83,1157.0,1069.0,1511.93,1361.25
2017-06-19,1251.13,1137.75,1156.0,1067.0,1502.93,1352.91
2017-06-26,1235.98,1120.19,1155.0,1073.0,1490.26,1341.64
2017-07-03,1215.38,1101.71,1143.0,1055.0,1488.99,1337.33
2017-07-10,1218.69,1114.35,1148.0,1062.0,1490.68,1338.42
2017-07-17,1226.29,1135.91,1144.0,1056.0,1487.33,1334.72
2017-07-24,1228.72,1141.85,1146.0,1058.0,1489.83,1336.86
2017-07-31,1233.7,1150.13,1144.0,1058.0,1494.19,1341.45
2017-08-07,1237.45,1148.42,1152.0,1069.0,1497.19,1351.86
2017-08-14,1244.42,1159.85,1153.0,1069.0,1498.51,1353.75
2017-08-21,1249.76,1166.66,1151.0,1067.0,1499.35,1354.98
2017-08-28,1256.74,1173.33,1152.0,1067.0,1499.3,1353.9
2017-09-04,1255.28,1168.75,1179.0,1088.0,1508.66,1358.52
2017-09-11,1253.62,1163.68,1196.0,1103.0,1523.42,1368.86
2017-09-18,1268.79,1173.33,1184.0,1098.0,1524.96,1375.48
2017-09-25,1276.77,1187.06,1181.0,1104.0,1521.54,1373.24
2017-10-02,1276.14,1191.57,1184.0,1115.0,1525.48,1382.85
2017-10-09,1271.04,1196.39,1181.0,1117.0,1525.77,1384.77
2017-10-16,1268.46,1203.27,1173.0,1111.0,1524.14,1382.78
2017-10-23,1264.8,1212.57,1174.0,1117.0,1523.78,1388.46
2017-10-30,1262.34,1210.52,1175.0,1120.0,1524.24,1390.36
2017-11-06,1260.5,1208.58,1194.0,1133.0,1532.9,1401.76
2017-11-13,1269.68,1214.15,1216.0,1152.0,1544.13,1413.62
2017-11-20,1279.93,1224.0,1211.0,1144.0,1547.8,1417.31
2017-11-27,1288.2,1231.58,1199.0,1143.0,1545.64,1414.88
2017-12-04,1300.04,1242.6,1202.0,1145.0,1545.84,1415.73
2017-12-11,1295.13,1241.49,1191.0,1138.0,1543.57,1413.31
2017-12-18,1288.89,1236.31,1194.0,1146.0,1549.32,1420.35
2018-01-01,1288.89,1236.31,1205.0,1157.0,1554.54,1426.58
2018-01-08,1290.66,1237.58,1205.0,1156.0,1561.51,1435.68
2018-01-15,1301.46,1242.48,1207.0,1159.0,1566.62,1441.24
2018-01-22,1303.9,1246.91,1205.0,1155.0,1571.37,1446.52
2018-01-29,1307.6,1255.12,1209.0,1156.0,1572.83,1447.78
2018-02-05,1310.92,1252.08,1210.0,1154.0,1573.42,1447.59
2018-02-12,1318.83,1248.56,1198.0,1139.0,1569.91,1443.29
2018-02-19,1308.64,1241.74,1195.0,1132.0,1553.48,1424.46
2018-02-26,1301.03,1233.35,1181.0,1127.0,1546.71,1418.68
2018-03-05,1288.67,1222.15,1180.0,1134.0,1548.87,1424.66
2018-03-12,1273.18,1211.18,1162.0,1120.0,1546.87,1422.46
2018-03-19,1276.34,1214.97,1161.0,1122.0,1544.2,1419.38
2018-03-26,1281.47,1219.99,1175.0,1155.0,1547.08,1422.82
2018-04-09,1300.3,1226.56,1205.0,1154.0,1556.26,1432.51
2018-04-16,1305.61,1235.6,1217.0,1168.0,1562.98,1439.3
2018-04-23,1311.81,1246.56,1225.0,1173.0,1573.32,1450.22
2018-04-30,1316.71,1254.39,1242.0,1190.0,1585.17,1462.9
2018-05-07,1329.94,1269.98,1250.0,1195.0,1592.6,1470.26
2018-05-14,1337.56,1276.82,1267.0,1213.0,1605.99,1483.45
2018-05-21,1351.3,1291.54,1285.0,1233.0,1623.24,1501.52
2018-05-28,1352.18,1291.83,1311.0,1259.0,1642.44,1521.22
2018-06-04,1352.23,1291.55,1308.0,1258.0,1648.66,1528.71
2018-06-11,1358.35,1297.23,1295.0,1244.0,1648.07,1528.15
2018-06-18,1364.36,1305.65,1294.0,1243.0,1645.27,1524.76
2018-06-25,1355.12,1293.52,1281.0,1232.0,1636.72,1516.28
2018-07-02,1344.34,1280.86,1288.0,1240.0,1632.24,1511.55
2018-07-09,1344.28,1277.14,1292.0,1243.0,1632.66,1511.89
2018-07-16,1344.97,1278.57,1287.0,1233.0,1632.4,1510.94
2018-07-23,1347.43,1282.3,1280.0,1225.0,1629.3,1507.11
2018-07-30,1353.71,1287.96,1283.0,1228.0,1627.7,1505.34
2018-08-06,1350.84,1284.5,1289.0,1224.0,1628.76,1506.2
2018-08-13,1343.26,1282.36,1294.0,1226.0,1629.3,1505.87
2018-08-20,1346.32,1285.75,1298.0,1232.0,1627.86,1505.12
2018-08-27,1352.19,1288.37,1297.0,1235.0,1628.98,1506.86
2018-09-03,1352.12,1290.99,1310.0,1250.0,1633.66,1513.18
2018-09-10,1351.83,1293.7,1316.0,1266.0,1642.55,1524.47
2018-09-17,1353.83,1301.14,1324.0,1274.0,1642.69,1525.41
2018-09-24,1358.69,1312.46,1327.0,1275.0,1641.8,1524.91
2018-10-01,1353.51,1310.76,1328.0,1280.0,1644.2,1528.4
2018-10-08,1345.61,1306.37,1334.0,1308.0,1657.58,1548.39
2018-10-15,1357.31,1326.75,1336.0,1319.0,1665.05,1565.52
2018-10-22,1376.63,1350.96,1331.0,1324.0,1661.21,1567.14
2018-10-29,1363.89,1356.17,1325.0,1321.0,1655.7,1565.31
2018-11-05,1349.71,1362.59,1329.0,1323.0,1649.26,1562.23
2018-11-12,1337.83,1358.1,1317.0,1319.0,1636.86,1554.38
2018-11-19,1321.06,1354.51,1313.0,1315.0,1619.37,1543.8
2018-11-26,1300.94,1346.02,1310.0,1312.0,1595.69,1526.55
2018-12-03,1271.55,1337.06,1282.0,1284.0,1565.3,1501.48
2018-12-10,1251.01,1300.31,1242.0,1245.0,1533.5,1474.67
2018-12-17,1228.49,1266.42,1212.0,1219.0,1520.36,1460.96
2019-01-07,1212.21,1230.87,1172.0,1175.0,1486.0,1428.88
2019-01-14,1187.94,1194.86,1169.0,1177.0,1482.55,1426.01
2019-01-21,1190.07,1197.49,1168.0,1212.0,1491.59,1436.28
2019-01-28,1196.82,1205.66,1169.0,1180.0,1494.5,1440.68
2019-02-04,1202.37,1216.57,1160.0,1178.0,1499.38,1445.62
2019-02-11,1213.32,1231.56,1167.0,1190.0,1508.24,1451.68
2019-02-18,1209.6,1233.97,1178.0,1199.0,1517.76,1461.93
2019-02-25,1209.18,1235.49,1197.0,1212.0,1534.68,1479.85
2019-03-04,1225.75,1246.82,1189.0,1215.0,1542.33,1486.87
2019-03-11,1249.21,1263.39,1202.0,1210.0,1548.72,1493.17
2019-03-18,1256.94,1263.67,1207.0,1208.0,1554.03,1496.38
2019-03-25,1269.54,1265.93,1204.0,1205.0,1562.82,1497.19
2019-04-01,1280.32,1260.59,1224.0,1214.0,1573.56,1497.71
2019-04-08,1296.82,1253.02,1244.0,1222.0,1588.6,1499.16
2019-04-15,1308.73,1256.23,1271.0,1232.0,1604.64,1505.5
2019-04-29,1335.98,1267.84,1292.0,1246.0,1625.87,1519.7
2019-05-06,1355.58,1283.07,1288.0,1238.0,1627.81,1519.07
2019-05-13,1355.28,1283.38,1296.0,1244.0,1625.82,1518.33
2019-05-20,1358.99,1289.03,1306.0,1249.0,1624.17,1517.75
2019-05-27,1348.35,1288.62,1313.0,1249.0,1631.14,1524.63
2019-06-03,1339.48,1291.32,1305.0,1237.0,1621.9,1514.36
2019-06-10,1337.04,1279.12,1267.0,1197.0,1605.95,1497.42
2019-06-17,1336.54,1270.33,1263.0,1197.0,1595.79,1486.77
2019-06-24,1312.47,1243.05,1246.0,1187.0,1590.01,1480.69
2019-07-01,1282.62,1214.82,1254.0,1195.0,1588.76,1478.85
2019-07-08,1286.44,1228.44,1269.0,1207.0,1590.42,1480.9
2019-07-15,1295.62,1234.25,1274.0,1208.0,1596.75,1484.47
2019-07-22,1309.97,1238.89,1266.0,1192.0,1599.93,1487.01
2019-07-29,1331.21,1245.28,1263.0,1194.0,1592.01,1478.29
2019-08-05,1330.58,1249.38,1266.0,1198.0,1592.34,1478.79
2019-08-12,1329.58,1255.27,1247.0,1180.0,1579.93,1466.93
2019-08-19,1317.38,1251.94,1237.0,1176.0,1571.8,1458.8
2019-08-26,1299.72,1242.95,1239.0,1180.0,1568.66,1456.84
2019-09-02,1287.16,1242.39,1233.0,1181.0,1566.06,1455.0
2019-09-09,1269.29,1238.51,1246.0,1197.0,1565.19,1454.98
2019-09-16,1270.55,1242.24,1245.0,1200.0,1570.5,1463.15
2019-09-23,1273.72,1248.47,1269.0,1231.0,1589.68,1483.09
2019-09-30,1283.28,1258.57,1244.0,1216.0,1591.92,1485.67
2019-10-07,1301.7,1275.84,1248.0,1210.0,1585.51,1479.13
2019-10-14,1299.46,1267.92,1239.0,1206.0,1579.07,1472.95
2019-10-21,1296.67,1259.95,1232.0,1202.0,1574.44,1469.94
2019-10-28,1287.73,1256.1,1233.0,1205.0,1571.89,1467.93
2019-11-04,1276.18,1253.1,1233.0,1202.0,1572.41,1469.23
2019-11-11,1277.87,1252.64,1244.0,1205.0,1573.73,1470.29
2019-11-18,1279.06,1250.15,1238.0,1207.0,1573.81,1469.99
2019-11-25,1285.19,1252.28,1239.0,1204.0,1576.5,1470.24
2019-12-02,1295.37,1255.38,1243.0,1205.0,1580.78,1476.32
2019-12-09,1300.54,1252.28,1246.0,1210.0,1580.43,1476.08
2019-12-16,1302.13,1246.13,1228.0,1199.0,1578.01,1474.37
2020-01-06,1298.27,1272.75,1238.0,1221.0,1590.14,1489.21
2020-01-13,1304.57,1291.3,1243.0,1221.0,1593.76,1493.37
2020-01-20,1300.86,1285.49,1233.0,1209.0,1587.11,1488.57
2020-01-27,1300.11,1283.48,1225.0,1202.0,1587.13,1482.32
2020-02-03,1295.31,1262.32,1212.0,1186.0,1570.49,1468.97
2020-02-10,1289.1,1239.01,1201.0,1176.0,1554.68,1450.67
2020-02-17,1274.41,1213.8,1196.0,1160.0,1547.14,1441.36
2020-02-24,1257.49,1192.09,1211.0,1171.0,1545.5,1439.42
2020-03-02,1261.42,1196.06,1184.0,1138.0,1540.15,1432.16
2020-03-09,1266.84,1200.2,1157.0,1117.0,1522.31,1414.2
2020-03-16,1245.01,1172.53,1071.0,1053.0,1496.59,1389.03
2020-03-23,1206.04,1142.24,1085.0,1060.0,1477.47,1368.48
2020-03-30,1118.0,1067.12,1083.0,1063.0,1456.54,1347.81
2020-04-06,1029.52,1011.67,1086.0,1060.0,1436.81,1328.02
2020-04-20,1000.35,996.28,1043.0,1026.0,1411.26,1306.43
2020-04-27,1000.34,995.18,1035.0,1012.0,1391.61,1287.06
2020-05-04,1001.25,996.7,1022.0,998.0,1374.28,1267.15
2020-05-11,1001.57,997.28,1019.0,996.0,1362.01,1252.79
2020-05-18,1001.03,995.93,992.0,978.0,1356.75,1247.39
2020-05-25,1001.2,998.13,1006.0,983.0,1366.77,1256.37
2020-06-01,1001.77,1000.33,1011.0,984.0,1371.48,1260.85
2020-06-08,1001.49,997.23,1014.0,991.0,1371.01,1260.4
2020-06-15,1002.97,1000.71,1021.0,999.0,1377.77,1266.49
2020-06-22,1003.17,1000.44,1035.0,1010.0,1385.38,1273.05
2020-06-29,1003.75,1002.55,1048.0,1019.0,1399.18,1285.53
2020-07-06,1003.78,1002.7,1046.0,1017.0,1400.83,1287.79
2020-07-13,1003.87,1001.34,1056.0,1027.0,1403.8,1290.32
2020-07-20,1002.73,1002.41,1059.0,1031.0,1404.6,1290.83
2020-07-27,1004.84,1002.71,1061.0,1028.0,1403.56,1289.74
2020-08-03,1004.87,1003.21,1059.0,1030.0,1401.66,1288.34
2020-08-10,1006.29,1003.62,1058.0,1026.0,1397.66,1284.32
2020-08-17,1007.21,1008.07,1062.0,1028.0,1398.23,1284.55
2020-08-24,1006.31,1006.45,1061.0,1024.0,1399.68,1285.56
2020-08-31,1005.98,1005.73,1074.0,1031.0,1400.08,1285.19
2020-09-07,1003.9,999.94,1070.0,1026.0,1398.48,1281.64
2020-09-14,1003.18,1000.89,1066.0,1019.0,1392.04,1274.28
2020-09-21,1002.8,998.8,1065.0,1015.0,1388.7,1267.41
2020-09-28,1003.36,1002.07,1063.0,1009.0,1389.54,1264.94
2020-10-05,1001.81,999.33,1066.0,1008.0,1388.24,1262.69
2020-10-12,1001.93,999.3,1065.0,1006.0,1388.63,1261.0
2020-10-19,1001.09,1006.34,1059.0,1000.0,1389.14,1260.48
2020-10-26,998.69,1014.53,1052.0,986.0,1387.72,1258.51
2020-11-02,989.87,1001.97,1048.0,990.0,1383.88,1254.77
2020-11-09,969.97,1002.07,1041.0,994.0,1378.34,1248.72
2020-11-16,954.64,999.78,1041.0,1001.0,1385.46,1255.3
2020-11-23,965.57,1012.8,1063.0,1021.0,1393.24,1264.11
2020-11-30,974.38,1031.1,1061.0,1027.0,1403.62,1275.25
2020-12-07,982.41,1037.7,1073.0,1042.0,1409.34,1283.79
2020-12-14,997.59,1059.33,1072.0,1041.0,1412.51,1288.31
2020-12-21,1002.68,1067.25,1072.0,1043.0,1427.58,1304.31
2021-01-11,1021.67,1091.77,1093.0,1069.0,1450.07,1324.98
2021-01-18,1032.34,1094.98,1119.0,1083.0,1465.98,1339.45
2021-01-25,1057.49,1112.22,1128.0,1088.0,1476.16,1346.45
2021-02-01,1074.06,1122.32,1125.0,1085.0,1479.99,1350.56
2021-02-08,1075.45,1120.05,1143.0,1101.0,1488.9,1360.65
2021-02-15,1086.11,1134.93,1150.0,1123.0,1500.43,1372.94
2021-02-22,1102.56,1155.59,1166.0,1135.0,1518.55,1390.91
2021-03-01,1119.79,1174.84,1181.0,1147.0,1536.58,1408.45
2021-03-08,1142.17,1189.13,1196.0,1156.0,1549.65,1421.19
2021-03-15,1157.35,1197.25,1216.0,1168.0,1566.15,1436.07
2021-03-22,1174.34,1206.22,1209.0,1163.0,1578.77,1444.98
2021-03-29,1183.97,1206.14,1214.0,1167.0,1575.35,1440.3
2021-04-12,1170.94,1187.52,1218.0,1163.0,1573.52,1435.18
2021-04-19,1172.94,1184.85,1225.0,1168.0,1574.45,1435.66
2021-04-26,1172.22,1190.3,1232.0,1170.0,1577.01,1437.6
2021-05-03,1178.13,1198.25,1236.0,1173.0,1578.94,1438.83
2021-05-10,1176.55,1199.66,1254.0,1190.0,1587.82,1447.2
2021-05-17,1190.62,1219.46,1246.0,1187.0,1593.07,1452.65
2021-05-24,1201.54,1227.76,1243.0,1186.0,1592.41,1451.33
2021-05-31,1193.4,1234.17,1245.0,1188.0,1590.02,1447.99
2021-06-07,1188.24,1232.66,1250.0,1194.0,1599.04,1457.56
2021-06-14,1197.12,1246.63,1253.0,1203.0,1605.46,1464.81
2021-06-21,1207.15,1260.08,1267.0,1213.0,1614.47,1474.15
2021-06-28,1217.18,1270.63,1278.0,1224.0,1624.61,1485.76
2021-07-05,1234.29,1283.83,1283.0,1227.0,1634.34,1494.54
2021-07-12,1250.08,1294.43,1307.0,1245.0,1649.6,1507.91
2021-07-19,1259.02,1299.81,1312.0,1239.0,1655.26,1512.84
2021-07-26,1268.75,1301.67,1317.0,1243.0,1653.59,1510.57
2021-08-02,1267.63,1304.53,1329.0,1249.0,1655.53,1510.17
2021-08-09,1268.62,1303.19,1330.0,1248.0,1657.41,1509.98
2021-08-16,1277.45,1314.07,1328.0,1248.0,1656.16,1507.75
2021-08-23,1266.68,1293.7,1320.0,1240.0,1652.39,1503.43
2021-08-30,1255.83,1290.45,1326.0,1252.0,1650.23,1499.96
2021-09-06,1248.92,1296.95,1323.0,1250.0,1655.19,1504.1
2021-09-13,1262.85,1309.94,1325.0,1252.0,1662.09,1510.06
2021-09-20,1282.86,1313.92,1321.0,1259.0,1670.67,1516.64
2021-09-27,1293.58,1323.31,1325.0,1277.0,1676.36,1523.47
2021-10-04,1284.85,1345.84,1342.0,1307.0,1686.89,1536.73
2021-10-11,1288.2,1374.07,1382.0,1353.0,1713.07,1567.13
2021-10-18,1319.12,1411.34,1398.0,1380.0,1733.84,1593.18
2021-10-25,1342.12,1430.8,1404.0,1398.0,1745.84,1607.9
2021-11-01,1356.22,1452.09,1410.0,1402.0,1749.25,1613.08
2021-11-08,1365.67,1470.55,1427.0,1411.0,1750.76,1613.84
2021-11-15,1371.51,1473.6,1438.0,1418.0,1749.56,1612.92
2021-11-22,1363.79,1473.84,1425.0,1406.0,1746.87,1611.31
2021-11-29,1357.49,1450.44,1426.0,1407.0,1742.76,1607.49
2021-12-06,1343.01,1442.78,1405.0,1392.0,1732.9,1597.75
2021-12-13,1302.28,1415.11,1397.0,1388.0,1725.35,1590.37
2021-12-20,1286.13,1397.52,1398.0,1389.0,1722.46,1587.14
2022-01-03,1318.03,1367.28,1395.0,1380.0,1723.06,1587.92
2022-01-10,1329.75,1399.4,1406.0,1395.0,1733.4,1598.01
2022-01-17,1342.37,1436.75,1418.0,1408.0,1754.31,1620.24
2022-01-24,1350.71,1453.15,1427.0,1418.0,1778.64,1647.14
2022-01-31,1370.96,1465.28,1439.0,1430.0,1796.72,1667.29
2022-02-07,1379.59,1419.86,1453.0,1441.0,1819.32,1690.59
2022-02-14,1382.8,1422.39,1470.0,1457.0,1835.26,1708.19
2022-02-21,1406.98,1440.13,1478.0,1464.0,1849.94,1722.36
2022-02-28,1427.02,1445.8,1528.0,1520.0,1868.86,1740.47
2022-03-07,1446.48,1470.19,1691.0,1719.0,1953.14,1829.33
2022-03-14,1503.36,1543.99,1987.0,2023.0,2184.58,2154.63
2022-03-21,1552.62,1636.95,1738.0,1828.0,2137.19,2124.56
2022-03-28,1502.88,1541.0,1756.0,1898.0,1870.44,1857.88
2022-04-04,1503.0,1541.0,1716.0,1843.0,1792.72,1788.17
2022-04-11,1503.0,1541.0,1689.0,1797.0,1765.36,1760.56
2022-04-25,1503.0,1541.0,1719.0,1832.0,1766.28,1767.42
2022-05-02,1503.0,1541.0,1732.0,1859.0,1778.28,1791.12
2022-05-09,1560.39,1668.1,1755.0,1875.0,1808.27,1830.6
2022-05-16,1632.43,1794.85,1774.0,1858.0,1823.14,1827.96
2022-05-23,1560.0,1668.0,1808.0,1839.0,1873.11,1819.95
2022-05-30,1560.0,1668.0,1826.0,1826.0,1885.46,1812.79
2022-06-06,1560.0,1668.0,1988.0,1923.0,1940.54,1851.52
2022-06-13,1560.0,1668.0,2048.0,2023.0,2014.26,1935.27
2022-06-20,1560.0,1668.0,2089.0,2069.0,2063.48,2006.04
2022-06-27,1606.53,1724.54,2102.0,2079.0,2073.98,2033.83
2022-07-04,1772.32,1865.51,2086.0,2072.0,2065.05,2022.53
2022-07-11,1759.65,1848.35,2100.0,2092.0,2028.44,1981.63
2022-07-18,1746.7,1839.33,2040.0,2036.0,1988.71,1940.89
2022-07-25,1704.63,1792.0,1996.0,2010.0,1937.48,1894.46
2022-08-01,1650.69,1742.97,1964.0,1976.0,1877.15,1851.65
2022-08-08,1627.44,1742.52,1860.0,1866.0,1830.6,1811.28
2022-08-15,1569.17,1723.7,1761.0,1770.0,1770.22,1756.53
2022-08-22,1554.87,1705.5,1765.0,1799.0,1749.31,1744.4
2022-08-29,1522.32,1677.17,1758.0,1865.0,1761.48,1808.69
2022-09-05,1520.01,1725.46,1744.0,1900.0,1746.58,1838.4
2022-09-12,1516.66,1802.21,1751.0,1958.0,1722.22,1827.79
2022-09-19,1449.93,1760.46,1705.0,1933.0,1691.49,1803.09
2022-09-26,1372.91,1712.03,1679.0,1917.0,1656.12,1761.73
2022-10-03,1371.21,1672.8,1724.0,1955.0,1632.81,1738.33
2022-10-10,1369.03,1630.08,1760.0,2007.0,1659.78,1788.98
2022-10-17,1388.69,1659.0,1786.0,2048.0,1697.59,1882.67
2022-10-24,1426.71,1709.12,1764.0,2045.0,1691.24,1880.08
2022-10-31,1432.69,1736.78,1753.0,2042.0,1677.74,1865.54
2022-11-07,1448.71,1807.55,1736.0,2022.0,1687.73,1858.56
2022-11-14,1462.81,1770.27,1715.0,1937.0,1709.93,1852.46
2022-11-21,1492.67,1740.14,1666.0,1852.0,1697.11,1809.92
2022-11-28,1483.94,1692.89,1597.0,1787.0,1659.8,1747.93
2022-12-05,1473.83,1645.85,1547.0,1735.0,1689.44,1764.68
2022-12-12,1423.08,1611.83,1502.0,1690.0,1701.59,1770.08
2022-12-19,1376.07,1581.91,1468.0,1666.0,1662.96,1717.14
2022-12-26,1318.35,1545.02,1454.0,1654.0,1625.22,1689.77
2023-01-02,1266.76,1510.6,1492.0,1685.0,1827.09,1890.84
2023-01-09,1272.66,1506.97,1570.0,1743.0,1812.01,1868.13
2023-01-16,1300.96,1525.48,1567.0,1740.0,1813.58,1863.68
2023-01-23,1293.77,1512.16,1589.0,1762.0,1829.47,1875.1
2023-01-30,1300.64,1511.47,1608.0,1779.0,1871.31,1912.32
2023-02-06,1325.05,1528.61,1583.0,1722.0,1872.37,1897.04
2023-02-13,1368.5,1557.81,1574.0,1682.0,1859.74,1853.17
2023-02-20,1367.06,1535.29,1587.0,1669.0,1860.01,1836.58
2023-02-27,1368.45,1516.16,1581.0,1645.0,1856.45,1821.71
2023-03-06,1369.43,1516.09,1590.0,1664.0,1852.84,1809.06
2023-03-13,1371.08,1514.42,1592.0,1646.0,1859.93,1812.58
2023-03-20,1376.73,1520.49,1563.0,1614.0,1855.34,1801.8
2023-03-27,1386.26,1528.92,1557.0,1600.0,1850.86,1800.67
2023-04-03,1386.55,1502.08,1576.0,1585.0,1858.14,1766.67
2023-04-10,1391.29,1478.57,1623.0,1605.0,1875.28,1767.22
2023-04-17,1407.49,1479.94,1616.0,1580.0,1885.7,1766.49
2023-04-24,1433.73,1470.43,1603.0,1568.0,1877.95,1745.61
2023-05-01,1414.0,1439.0,1581.0,1534.0,1857.54,1710.83
2023-05-08,1437.0,1476.29,1555.0,1496.0,1834.76,1679.86
2023-05-15,1419.78,1458.66,1555.0,1492.0,1811.6,1654.14
2023-05-22,1405.87,1449.04,1550.0,1488.0,1807.54,1650.33
2023-05-29,1401.94,1449.71,1569.0,1499.0,1818.47,1662.3
2023-06-05,1404.53,1455.96,1567.0,1487.0,1822.23,1661.44
2023-06-12,1414.49,1456.86,1583.0,1506.0,1831.44,1668.44
2023-06-19,1431.98,1460.64,1571.0,1508.0,1840.97,1677.35
2023-06-26,1437.22,1473.74,1577.0,1530.0,1852.43,1690.32
2023-07-03,1448.9,1493.59,1565.0,1521.0,1846.49,1685.02
2023-07-10,1457.5,1504.73,1557.0,1531.0,1844.85,1683.77
2023-07-17,1471.29,1518.57,1583.0,1559.0,1859.58,1703.27
2023-07-24,1478.92,1532.09,1588.0,1558.0,1864.04,1709.59
2023-07-31,1491.74,1551.26,1628.0,1609.0,1897.95,1746.1
2023-08-07,1510.74,1575.52,1650.0,1661.0,1929.24,1796.41
2023-08-14,1549.38,1607.06,1672.0,1691.0,1939.06,1827.71
2023-08-21,1547.02,1607.1,1677.0,1692.0,1946.16,1845.34
2023-08-28,1543.75,1602.9,1691.0,1707.0,1947.72,1847.35
2023-09-04,1554.61,1605.86,1696.0,1714.0,1954.47,1855.61
2023-09-11,1569.17,1609.29,1699.0,1745.0,1969.59,1876.7
2023-09-18,1567.32,1614.53,1718.0,1796.0,1997.29,1924.02
2023-09-25,1569.12,1629.62,1712.0,1794.0,2001.89,1938.24
2023-10-02,1580.43,1651.27,1692.0,1792.0,1991.58,1932.12
2023-10-09,1603.37,1689.28,1663.0,1773.0,1962.69,1921.63
2023-10-16,1577.07,1680.43,1630.0,1750.0,1918.68,1897.3
2023-10-23,1548.43,1674.85,1617.0,1745.0,1895.48,1883.7
2023-10-30,1548.21,1674.9,1601.0,1733.0,1872.85,1865.34
2023-11-06,1551.85,1679.97,1600.0,1735.0,1854.2,1847.71
2023-11-13,1546.84,1653.82,1581.0,1699.0,1834.98,1824.28
2023-11-20,1543.42,1630.22,1556.0,1663.0,1815.68,1796.53
2023-11-27,1531.24,1597.85,,,1805.32,1785.41
2023-12-04,1515.16,1560.57,1544.0,1653.0,1797.06,1773.4
2023-12-11,1471.45,1520.77,1506.0,1617.0,1780.08,1753.7
2023-12-18,1430.53,1486.64,1483.0,1589.0,1765.91,1732.08
2023-12-25,1415.43,1468.17,1478.0,1594.0,1765.91,1732.08
2024-01-01,1415.43,1468.17,1478.0,1594.0,1772.05,1730.66
2024-01-08,1400.25,1453.88,1534.0,1636.0,1773.66,1730.54
2024-01-15,1412.25,1468.17,1532.0,1634.0,1768.94,1724.52
2024-01-22,1397.59,1448.42,1538.0,1645.0,1777.8,1734.14
2024-01-29,1390.38,1440.58,1561.0,1667.0,1811.86,1766.89
2024-02-05,1400.95,1455.87,1573.0,1686.0,1826.72,1785.61
2024-02-12,1421.1,1483.21,1579.0,1704.0,1839.98,1801.49
2024-02-19,1433.91,1499.53,1600.0,1725.0,1863.91,1832.56
2024-02-26,1455.73,1521.99,1594.0,1710.0,1858.97,1826.36
2024-03-04,1471.61,1535.24,1597.0,1690.0,1851.97,1812.73
2024-03-11,1500.79,1549.5,1596.0,1679.0,1852.73,1800.71
2024-03-18,1499.99,1548.75,1596.0,1672.0,1851.39,1789.97
2024-03-25,1500.16,1547.57,1610.0,1681.0,1877.18,1800.72
2024-04-01,1515.38,1552.5,1637.0,1679.0,1887.2,1793.05
2024-04-08,1534.25,1556.65,1665.0,1696.0,1900.79,1798.77
2024-04-15,1539.48,1561.49,1678.0,1690.0,1913.74,1806.87
2024-04-22,1552.9,1569.7,1687.0,1685.0,1920.49,1802.5
2024-04-29,1560.44,1564.52,1673.0,1641.0,1914.59,1789.87
2024-05-06,1578.77,1561.03,1660.0,1622.0,1912.29,1775.21
2024-05-13,1567.35,1536.11,1650.0,1610.0,1898.59,1753.3
2024-05-20,1554.21,1513.66,1628.0,1597.0,1882.89,1733.26
2024-05-27,1535.58,1498.94,1630.0,1599.0,1873.93,1722.41
2024-06-03,1507.28,1481.79,1615.0,1589.0,1865.1,1710.95
2024-06-10,1497.3,1481.99,1587.0,1564.0,1850.71,1694.99
2024-06-17,1484.24,1481.87,1603.0,1590.0,1844.38,1694.32
2024-06-24,1472.44,1475.8,1609.0,1607.0,1845.63,1715.81
2024-07-01,1459.8,1474.49,1620.0,1620.0,1859.74,1737.52
2024-07-08,1471.65,1495.48,1630.0,1629.0,1871.49,1751.72
2024-07-15,1496.68,1527.99,1628.0,1626.0,1869.84,1751.01
2024-07-22,1511.86,1539.88,1603.0,1600.0,1862.18,1742.43
2024-07-29,1535.7,1551.81,1601.0,1599.0,1851.45,1730.64
2024-08-05,1538.1,1555.22,1597.0,1590.0,1838.6,1717.25
2024-08-12,1538.89,1557.63,1574.0,1562.0,1827.97,1705.2
2024-08-19,1544.63,1566.62,1564.0,1558.0,1822.12,1698.41
2024-08-26,1542.77,1562.07,1541.0,1533.0,1810.97,1684.24
2024-09-02,1526.54,1556.08,1535.0,1534.0,1795.76,1668.07
2024-09-09,1507.41,1550.9,1506.0,1513.0,1782.35,1655.45
2024-09-16,1498.62,1542.52,1500.0,1510.0,1759.44,1635.68
2024-09-23,1488.19,1539.04,1481.0,1488.0,1742.98,1622.17
2024-09-30,1478.77,1522.32,1471.0,1479.0,1734.83,1615.51
2024-10-07,1456.19,1490.86,1499.0,1513.0,1731.41,1612.36
2024-10-14,1470.85,1509.96,1514.0,1527.0,1757.47,1639.97
2024-10-21,1477.8,1517.75,1503.0,1510.0,1765.34,1645.3
2024-10-28,1492.48,1529.0,1501.0,1508.0,1762.1,1635.45
2024-11-04,1520.45,1547.01,1481.0,1499.0,1756.48,1631.93
2024-11-11,1508.22,1542.27,1492.0,1522.0,1756.36,1635.33
2024-11-18,1492.88,1535.2,1501.0,1542.0,1753.91,1634.42
2024-11-25,1490.54,1544.52,1507.0,1553.0,1758.14,1648.88
2024-12-02,1488.66,1559.92,1502.0,1545.0,1763.67,1661.54
2024-12-09,1492.32,1567.24,1503.0,1545.0,1757.09,1655.42
2024-12-16,1499.82,1579.54,1513.0,1541.0,1750.38,1647.8
2024-12-23,1500.38,1573.83,1523.0,1563.0,1754.6,1653.28
2024-12-30,1500.38,1573.83,1517.0,1553.0,1756.73,1656.03
2025-01-06,1507.37,1568.74,1552.0,1594.0,1772.59,1671.86
2025-01-13,1514.66,1585.28,1565.0,1594.0,1793.1,1692.43
2025-01-20,1514.23,1584.7,1597.0,1630.0,1823.06,1726.9
2025-01-27,1529.93,1597.97,1589.0,1624.0,1831.25,1739.48
2025-02-03,1538.21,1611.62,1569.0,1596.0,1823.49,1730.36
2025-02-10,1555.27,1634.21,1577.0,1599.0,1823.49,1730.36
2025-02-17,1548.94,1618.21,1578.0,1600.0,1824.64,1727.34
2025-02-24,1541.78,1602.41,1579.0,1607.0,1823.63,1726.95
2025-03-03,1544.19,1607.77,1557.0,1586.0,1816.14,1719.08
2025-03-10,1545.21,1614.23,1533.0,1557.0,1801.83,1703.75
2025-03-17,1518.0,1589.67,1488.0,1518.0,1782.14,1683.35
2025-03-24,1486.8,1565.55,1503.0,1528.0,1767.34,1666.89
2025-03-31,1481.67,1547.41,1518.0,1540.0,1761.76,1659.51
2025-04-07,1474.76,1529.51,1520.0,1528.0,1761.2,1657.17
2025-04-14,1485.37,1534.21,1508.0,1508.0,1738.73,1632.42
2025-04-21,1506.66,1544.22,1502.0,1509.0,1716.1,1609.69
2025-04-28,1482.92,1515.12,1492.0,1492.0,1705.23,1598.8
2025-05-05,1431.23,1465.36,1490.0,1487.0,1696.76,1589.49
2025-05-12,1430.42,1462.26,1476.0,1465.0,1689.68,1578.61
2025-05-19,1425.77,1456.75,1491.0,1475.0,1698.71,1591.15
2025-05-26,1432.36,1458.34,1494.0,1476.0,1697.83,1598.57
2025-06-02,1444.74,1463.03,1488.0,1467.0,1693.05,1591.57
2025-06-09,1446.16,1460.69,1490.0,1472.0,1689.77,1585.58
2025-06-16,1451.14,1459.42,1517.0,1506.0,1696.55,1593.69
2025-06-23,1448.28,1458.27,1556.0,1582.0,1734.08,1643.08
2025-06-30,1443.5,1456.72,1533.0,1538.0,1747.25,1675.91
2025-07-07,1451.17,1473.32,1526.0,1542.0,1733.47,1663.66
2025-07-14,1463.79,1497.05,1535.0,1560.0,1728.84,1662.84
2025-07-21,1451.92,1493.04,1526.0,1557.0,1727.25,1663.72
2025-07-28,1436.24,1487.93,1532.0,1545.0,1720.58,1660.36
2025-08-04,1436.65,1490.72,1533.0,1555.0,1712.69,1648.86
2025-08-11,1437.27,1494.44,1511.0,1524.0,1709.33,1641.44
2025-08-18,1439.44,1482.06,1498.0,1508.0,1701.28,1631.42
2025-08-25,1442.22,1467.0,1507.0,1516.0,1695.43,1622.04
2025-09-01,1442.15,1466.04,1501.0,1508.0,1696.77,1622.47
2025-09-08,1442.11,1464.82,1507.0,1517.0,1705.35,1630.15
2025-09-15,1448.44,1473.34,1510.0,1515.0,1710.83,1634.84
2025-09-22,1458.04,1485.42,1506.0,1514.0,1713.49,1638.35
2025-09-29,1460.31,1486.84,1512.0,1518.0,1711.7,1637.71
2025-10-06,1463.91,1488.82,1502.0,1514.0,1708.86,1636.02
2025-10-13,1461.37,1487.84,1503.0,1509.0,1699.29,1625.43
2025-10-20,1458.02,1486.98,1495.0,1496.0,1690.31,1615.8
2025-10-27,1449.08,1473.41,1515.0,1532.0,1683.46,1608.83
2025-11-03,1437.0,1457.94,1512.0,1531.0,1694.83,1632.28
2025-11-10,1444.06,1476.31,1522.0,1575.0,1705.53,1654.33
2025-11-17,1453.9,1496.02,1535.0,1575.0,1719.53,1682.79
2025-11-24,1453.78,1496.13,1539.0,1595.0,1730.71,1702.63
2025-12-01,1453.81,1495.73,1506.0,1568.0,1727.17,1701.37
2025-12-08,1452.09,1489.28,1487.0,1526.0,1718.24,1684.25
2025-12-15,1449.91,1481.97,1485.0,1515.0,1708.0,1665.14
2025-12-22,1441.51,1465.32,1471.0,1498.0,1690.02,1642.55
2025-12-29,1431.95,1451.55,1461.0,1492.0,1678.89,1628.6
2026-01-05,1409.89,1433.68,1470.0,1495.0,1654.7,1644.17
2026-01-12,1380.0,1409.11,1453.0,1477.0,1627.29,1660.37
2026-01-19,1381.15,1403.57,1455.0,1487.0,1626.16,1660.71
2026-01-26,1382.8,1401.13,1480.0,1509.0,1634.95,1673.47
2026-02-02,1393.85,1416.79,1482.0,1520.0,1641.55,1681.86
2026-02-09,1409.86,1437.86,1485.0,1529.0,1644.88,1691.03
2026-02-16,1414.28,1447.95,1478.0,1518.0,1648.33,1695.49
2026-02-23,1419.7,1459.7,1509.0,1546.0,1654.56,1701.83
2026-03-02,1426.08,1460.62,1515.0,1564.0,1670.39,1720.69
2026-03-09,1434.82,1462.19,1708.0,1898.0,1745.16,1869.24
2026-03-16,1443.02,1483.72,1743.0,1954.0,1819.19,2033.45
2026-03-23,1464.98,1524.36,1841.0,2109.0,1778.74,2023.15
2026-03-30,1506.95,1619.89,1879.0,2204.0,1733.36,2032.73
2026-04-06,1606.96,1769.08,1787.0,2228.0,1761.93,2092.08
2026-04-13,1634.76,1852.15,1718.0,2075.0,1782.67,2153.44
2026-04-20,1646.52,1874.21,1691.0,1948.0,1762.82,2114.71
2026-04-27,1616.9,1791.4,1712.0,1910.0,1732.07,2059.56
2026-05-04,1619.77,1742.24,1793.0,1999.0,1789.28,2045.59
2026-05-11,1661.53,1733.09,1796.0,1913.0,1933.04,2019.92
2026-05-18,1690.02,1744.22,1813.0,1914.0,1936.82,1982.73
2026-05-25,1699.33,1751.08,1809.0,1906.0,1963.96,1989.32
2026-06-01,1719.19,1762.82,1735.0,1830.0,1951.51,2019.43
2026-06-08,1672.97,1714.3,1726.0,1831.0,1921.02,1982.73
2026-06-15,1608.28,1675.62,1726.0,1820.0,1895.46,2004.65
2026-06-22,1600.88,1710.46,1650.0,1724.0,1850.24,1948.66
2026-06-29,1576.08,1678.54,1649.0,1711.0,1811.85,1897.02
2026-07-06,1545.63,1619.14,1686.0,1730.0,1810.0,1887.18
2026-07-13,1559.79,1633.8,1762.0,1840.0,1863.55,1956.95
2026-07-20,1586.6,1689.62,1833.0,1931.0,1910.32,2038.17
2026-07-27,1626.04,1788.19,1874.0,2051.0,1960.82,2140.63
2026-08-03,1649.42,1864.74,1838.0,2050.0,1992.3,2090.25
2026-08-10,1618.62,1877.58,1721.0,1965.0,1992.63,2080.8
2026-08-17,1577.66,1844.53,1795.0,2043.0,1987.99,2078.92
