datum,brent,wti
2020-01-02,66.25,61.18
2020-01-03,68.6,63.05
2020-01-06,68.91,63.27
2020-01-07,68.27,62.7
2020-01-08,65.44,59.61
2020-01-09,65.37,59.56
2020-01-10,64.98,59.04
2020-01-13,64.2,58.08
2020-01-14,64.49,58.23
2020-01-15,64.0,57.81
2020-01-16,64.62,58.52
2020-01-17,64.85,58.54
2020-01-21,64.59,58.34
2020-01-22,63.21,56.74
2020-01-23,62.04,55.59
2020-01-24,60.69,54.19
2020-01-27,59.32,53.14
2020-01-28,59.51,53.48
2020-01-29,59.81,53.33
2020-01-30,58.29,52.14
2020-01-31,58.16,51.56
2020-02-03,54.45,50.11
2020-02-04,53.96,49.61
2020-02-05,55.28,50.75
2020-02-06,54.93,50.95
2020-02-07,54.47,50.32
2020-02-10,53.27,49.57
2020-02-11,54.01,49.94
2020-02-12,55.79,51.17
2020-02-13,56.34,51.42
2020-02-14,57.32,52.05
2020-02-18,57.75,52.05
2020-02-19,59.12,53.29
2020-02-20,59.31,53.78
2020-02-21,58.5,53.38
2020-02-24,56.3,51.43
2020-02-25,54.95,49.9
2020-02-26,53.43,48.73
2020-02-27,52.18,47.09
2020-02-28,50.52,44.76
2020-03-02,51.9,46.75
2020-03-03,51.86,47.18
2020-03-04,51.13,46.78
2020-03-05,49.99,45.9
2020-03-06,45.27,41.28
2020-03-09,34.36,31.13
2020-03-10,37.22,34.36
2020-03-11,35.79,32.98
2020-03-12,33.22,31.5
2020-03-13,33.85,31.73
2020-03-16,30.05,28.7
2020-03-17,28.73,26.95
2020-03-18,24.88,20.37
2020-03-19,28.47,25.22
2020-03-20,26.98,22.43
2020-03-23,27.03,23.36
2020-03-24,27.15,24.01
2020-03-25,27.39,24.49
2020-03-26,26.34,22.6
2020-03-27,24.93,21.51
2020-03-30,22.76,20.09
2020-03-31,22.74,20.48
2020-04-01,24.74,20.31
2020-04-02,29.94,25.32
2020-04-03,34.11,28.34
2020-04-06,33.05,26.08
2020-04-07,31.87,23.63
2020-04-08,32.84,25.09
2020-04-09,31.48,22.76
2020-04-13,31.74,22.41
2020-04-14,29.6,20.11
2020-04-15,27.69,19.87
2020-04-16,27.82,19.87
2020-04-17,28.08,18.27
2020-04-20,25.57,-37.63
2020-04-21,19.33,10.01
2020-04-22,20.37,13.78
2020-04-23,21.33,16.5
2020-04-24,21.44,16.94
2020-04-27,19.99,12.78
2020-04-28,20.46,12.34
2020-04-29,22.54,15.06
2020-04-30,25.27,18.84
2020-05-01,26.44,19.78
2020-05-04,27.2,20.39
2020-05-05,30.97,24.56
2020-05-06,29.72,23.99
2020-05-07,29.46,23.55
2020-05-08,30.97,24.74
2020-05-11,29.63,24.14
2020-05-12,29.98,25.78
2020-05-13,29.19,25.29
2020-05-14,31.13,27.56
2020-05-15,32.5,29.43
2020-05-18,34.81,31.82
2020-05-19,34.65,32.5
2020-05-20,35.75,33.49
2020-05-21,36.06,33.92
2020-05-22,35.13,33.25
2020-05-26,36.17,34.35
2020-05-27,34.74,32.81
2020-05-28,35.29,33.71
2020-05-29,35.33,35.49
2020-06-01,38.32,35.44
2020-06-02,39.57,36.81
2020-06-03,39.79,37.29
2020-06-04,39.99,37.41
2020-06-05,42.3,39.55
2020-06-08,40.8,38.19
2020-06-09,41.18,38.94
2020-06-10,41.73,39.6
2020-06-11,38.55,36.34
2020-06-12,38.73,36.26
2020-06-15,39.72,37.12
2020-06-16,40.96,38.38
2020-06-17,40.71,37.96
2020-06-18,41.51,38.84
2020-06-19,42.19,39.75
2020-06-22,43.08,40.46
2020-06-23,42.63,40.37
2020-06-24,40.31,38.01
2020-06-25,41.05,38.72
2020-06-26,41.02,38.49
2020-06-29,41.71,39.7
2020-06-30,41.15,39.27
2020-07-01,42.03,39.82
2020-07-02,43.14,40.65
2020-07-06,43.1,40.63
2020-07-07,43.08,40.62
2020-07-08,43.29,40.9
2020-07-09,42.35,39.62
2020-07-10,43.24,40.55
2020-07-13,42.72,40.1
2020-07-14,42.9,40.29
2020-07-15,43.79,41.2
2020-07-16,43.37,40.75
2020-07-17,43.14,40.59
2020-07-20,43.28,40.81
2020-07-21,44.32,41.96
2020-07-22,44.29,41.9
2020-07-23,43.31,41.07
2020-07-24,43.34,41.29
2020-07-27,43.41,41.6
2020-07-28,43.22,41.04
2020-07-29,43.75,41.27
2020-07-30,42.94,39.92
2020-07-31,43.3,40.27
2020-08-03,44.15,41.01
2020-08-04,44.43,41.7
2020-08-05,45.17,42.19
2020-08-06,45.09,41.95
2020-08-07,44.4,41.22
2020-08-10,44.99,41.94
2020-08-11,44.5,41.61
2020-08-12,45.43,42.67
2020-08-13,44.96,42.24
2020-08-14,44.8,42.01
2020-08-17,45.37,42.89
2020-08-18,45.46,42.89
2020-08-19,45.37,42.93
2020-08-20,44.9,42.58
2020-08-21,44.35,42.34
2020-08-24,45.13,42.62
2020-08-25,45.86,43.35
2020-08-26,45.64,43.39
2020-08-27,45.09,43.04
2020-08-28,45.05,42.97
2020-08-31,45.28,42.61
2020-09-01,45.58,42.76
2020-09-02,44.43,41.51
2020-09-03,44.07,41.37
2020-09-04,42.66,39.77
2020-09-08,39.78,36.76
2020-09-09,40.79,38.05
2020-09-10,40.06,37.3
2020-09-11,39.83,37.33
2020-09-14,39.61,37.26
2020-09-15,40.53,38.28
2020-09-16,42.22,40.16
2020-09-17,43.3,40.97
2020-09-18,43.15,41.11
2020-09-21,41.44,39.31
2020-09-22,41.72,39.6
2020-09-23,41.77,39.93
2020-09-24,41.94,40.31
2020-09-25,41.92,40.25
2020-09-28,42.43,40.6
2020-09-29,41.03,39.29
2020-09-30,40.95,40.22
2020-10-01,40.93,38.72
2020-10-02,39.27,37.05
2020-10-05,41.29,39.22
2020-10-06,42.65,40.67
2020-10-07,41.99,39.95
2020-10-08,43.34,41.19
2020-10-09,42.85,40.6
2020-10-12,41.72,39.43
2020-10-13,42.45,40.2
2020-10-14,43.32,41.04
2020-10-15,43.16,40.96
2020-10-16,42.93,40.88
2020-10-19,42.62,40.83
2020-10-20,43.16,41.46
2020-10-21,41.73,40.03
2020-10-22,42.46,40.64
2020-10-23,41.77,39.85
2020-10-26,40.46,38.56
2020-10-27,41.2,39.57
2020-10-28,39.12,37.39
2020-10-29,37.65,36.17
2020-10-30,37.46,35.79
2020-11-02,38.97,36.81
2020-11-03,39.71,37.66
2020-11-04,41.23,39.15
2020-11-05,40.93,38.79
2020-11-06,39.45,37.14
2020-11-09,42.4,40.29
2020-11-10,43.61,41.36
2020-11-11,43.8,41.45
2020-11-12,43.53,41.12
2020-11-13,42.78,40.13
2020-11-16,43.82,41.34
2020-11-17,43.75,41.43
2020-11-18,44.34,41.82
2020-11-19,44.2,41.74
2020-11-20,44.96,42.15
2020-11-23,46.06,43.06
2020-11-24,47.86,44.91
2020-11-25,48.61,45.71
2020-11-27,48.18,45.53
2020-11-30,47.59,45.34
2020-12-01,47.42,44.55
2020-12-02,48.25,45.28
2020-12-03,48.71,45.64
2020-12-04,49.25,46.26
2020-12-07,48.79,45.76
2020-12-08,48.84,45.6
2020-12-09,48.86,45.52
2020-12-10,50.25,46.78
2020-12-11,49.97,46.57
2020-12-14,50.29,46.99
2020-12-15,50.76,47.62
2020-12-16,51.08,47.82
2020-12-17,51.5,48.36
2020-12-18,52.26,49.1
2020-12-21,50.91,47.74
2020-12-22,50.08,47.02
2020-12-23,51.2,48.12
2020-12-24,51.29,48.23
2020-12-28,50.86,47.62
2020-12-29,51.09,48.0
2020-12-30,51.34,48.4
2020-12-31,51.8,48.52
2021-01-04,51.09,47.62
2021-01-05,53.6,49.93
2021-01-06,54.3,50.63
2021-01-07,54.38,50.83
2021-01-08,55.99,52.24
2021-01-11,55.66,52.25
2021-01-12,56.58,53.21
2021-01-13,56.06,52.91
2021-01-14,56.42,53.57
2021-01-15,55.1,52.36
2021-01-19,55.9,52.98
2021-01-20,56.08,53.24
2021-01-21,56.1,53.13
2021-01-22,55.41,52.27
2021-01-25,55.88,52.77
2021-01-26,55.91,52.61
2021-01-27,55.81,52.85
2021-01-28,55.53,52.34
2021-01-29,55.88,52.2
2021-02-01,56.35,53.55
2021-02-02,57.46,54.76
2021-02-03,58.46,55.69
2021-02-04,58.84,56.23
2021-02-05,59.34,56.85
2021-02-08,60.56,57.97
2021-02-09,61.09,58.36
2021-02-10,61.47,58.68
2021-02-11,61.14,58.24
2021-02-12,62.43,59.47
2021-02-16,63.35,60.05
2021-02-17,64.34,61.14
2021-02-18,63.93,60.52
2021-02-19,62.91,59.24
2021-02-22,65.24,61.49
2021-02-23,65.37,61.67
2021-02-24,67.04,63.22
2021-02-25,66.88,63.53
2021-02-26,66.13,61.5
2021-03-01,63.69,60.64
2021-03-02,62.7,59.75
2021-03-03,64.07,61.28
2021-03-04,66.74,63.83
2021-03-05,69.36,66.09
2021-03-08,68.24,65.05
2021-03-09,67.52,64.01
2021-03-10,67.9,64.44
2021-03-11,69.63,66.02
2021-03-12,69.22,65.61
2021-03-15,68.88,65.39
2021-03-16,68.39,64.8
2021-03-17,68.0,64.6
2021-03-18,63.28,60.0
2021-03-19,64.53,61.42
2021-03-22,64.62,61.55
2021-03-23,60.79,57.76
2021-03-24,64.41,61.18
2021-03-25,61.95,58.56
2021-03-26,64.57,60.97
2021-03-29,64.98,61.56
2021-03-30,64.14,60.55
2021-03-31,63.54,59.16
2021-04-01,64.86,61.45
2021-04-05,62.15,58.65
2021-04-06,62.74,59.33
2021-04-07,63.16,59.77
2021-04-08,63.2,59.6
2021-04-09,62.95,59.32
2021-04-12,63.28,59.7
2021-04-13,63.67,60.18
2021-04-14,66.58,63.15
2021-04-15,66.94,63.46
2021-04-16,66.77,63.13
2021-04-19,67.05,63.38
2021-04-20,66.57,62.44
2021-04-21,65.32,61.35
2021-04-22,65.4,61.43
2021-04-23,66.11,62.14
2021-04-26,65.65,61.91
2021-04-27,66.42,62.94
2021-04-28,67.27,63.86
2021-04-29,68.56,65.01
2021-04-30,67.25,63.58
2021-05-03,67.56,64.49
2021-05-04,68.88,65.69
2021-05-05,68.96,65.63
2021-05-06,68.09,64.71
2021-05-07,68.28,64.9
2021-05-10,68.32,64.92
2021-05-11,68.55,65.28
2021-05-12,69.32,66.08
2021-05-13,67.05,63.82
2021-05-14,68.71,65.37
2021-05-17,69.46,66.27
2021-05-18,68.71,65.49
2021-05-19,66.66,63.36
2021-05-20,65.11,62.05
2021-05-21,66.44,63.58
2021-05-24,68.46,66.05
2021-05-25,68.65,66.07
2021-05-26,68.87,66.21
2021-05-27,69.46,66.85
2021-05-28,69.63,66.32
2021-06-01,70.25,67.72
2021-06-02,71.35,68.83
2021-06-03,71.31,68.81
2021-06-04,71.89,69.62
2021-06-07,71.49,69.23
2021-06-08,72.22,70.05
2021-06-09,72.22,69.96
2021-06-10,72.52,70.29
2021-06-11,72.69,70.91
2021-06-14,72.86,70.88
2021-06-15,73.99,72.12
2021-06-16,74.39,72.15
2021-06-17,73.08,71.04
2021-06-18,73.51,71.64
2021-06-21,74.9,73.66
2021-06-22,74.81,73.06
2021-06-23,75.19,73.08
2021-06-24,75.56,73.3
2021-06-25,76.18,74.05
2021-06-28,74.68,72.91
2021-06-29,74.76,72.98
2021-06-30,75.13,73.47
2021-07-01,75.84,75.23
2021-07-02,76.17,75.16
2021-07-06,74.53,73.37
2021-07-07,73.43,72.2
2021-07-08,74.12,72.94
2021-07-09,75.55,74.56
2021-07-12,75.16,74.1
2021-07-13,76.49,75.25
2021-07-14,74.76,73.13
2021-07-15,73.47,71.65
2021-07-16,73.59,71.81
2021-07-19,68.62,66.42
2021-07-20,69.35,67.42
2021-07-21,72.23,70.3
2021-07-22,73.79,71.91
2021-07-23,74.1,72.07
2021-07-26,74.5,71.91
2021-07-27,74.48,71.65
2021-07-28,74.74,72.39
2021-07-29,76.05,73.62
2021-07-30,76.33,73.95
2021-08-02,72.89,71.26
2021-08-03,72.41,70.56
2021-08-04,70.38,68.15
2021-08-05,71.29,69.09
2021-08-06,70.7,68.28
2021-08-09,69.04,66.48
2021-08-10,70.63,68.29
2021-08-11,71.44,69.25
2021-08-12,71.31,69.09
2021-08-13,70.59,68.44
2021-08-16,69.51,67.29
2021-08-17,69.03,66.59
2021-08-18,68.23,65.46
2021-08-19,66.45,63.69
2021-08-20,65.18,62.32
2021-08-23,68.75,65.64
2021-08-24,71.05,67.54
2021-08-25,72.25,68.36
2021-08-26,71.07,67.42
2021-08-27,72.7,68.74
2021-08-30,73.41,69.21
2021-08-31,72.99,68.5
2021-09-01,71.59,68.59
2021-09-02,73.03,69.99
2021-09-03,72.61,69.29
2021-09-07,71.69,68.35
2021-09-08,72.6,69.3
2021-09-09,71.45,68.14
2021-09-10,72.92,69.72
2021-09-13,73.51,70.45
2021-09-14,73.6,70.46
2021-09-15,75.46,72.61
2021-09-16,75.67,72.61
2021-09-17,75.34,71.97
2021-09-20,73.92,70.29
2021-09-21,74.36,70.56
2021-09-22,76.19,72.23
2021-09-23,77.25,73.3
2021-09-24,78.09,73.98
2021-09-27,79.53,75.45
2021-09-28,79.09,75.29
2021-09-29,78.64,74.83
2021-09-30,78.52,75.03
2021-10-01,79.28,75.88
2021-10-04,81.26,77.62
2021-10-05,82.56,78.93
2021-10-06,81.08,77.43
2021-10-07,81.95,78.3
2021-10-08,82.39,79.35
2021-10-11,83.65,80.52
2021-10-12,83.42,80.64
2021-10-13,83.18,80.44
2021-10-14,84.0,81.31
2021-10-15,84.86,82.28
2021-10-18,84.33,82.44
2021-10-19,85.08,82.96
2021-10-20,85.82,83.87
2021-10-21,84.61,82.5
2021-10-22,85.53,83.76
2021-10-25,85.99,83.76
2021-10-26,86.4,84.65
2021-10-27,84.58,82.66
2021-10-28,84.32,82.81
2021-10-29,84.38,83.57
2021-11-01,84.71,84.05
2021-11-02,84.72,83.91
2021-11-03,81.99,80.86
2021-11-04,80.54,78.81
2021-11-05,82.74,81.27
2021-11-08,83.43,81.93
2021-11-09,84.78,84.15
2021-11-10,82.64,81.34
2021-11-11,82.87,81.59
2021-11-12,82.17,80.79
2021-11-15,82.05,80.88
2021-11-16,82.43,80.76
2021-11-17,80.28,78.36
2021-11-18,81.24,79.01
2021-11-19,78.89,76.1
2021-11-22,79.7,76.75
2021-11-23,82.31,78.5
2021-11-24,82.25,78.39
2021-11-26,72.72,68.15
2021-11-29,73.44,69.95
2021-11-30,70.57,66.18
2021-12-01,68.87,65.57
2021-12-02,69.67,66.5
2021-12-03,69.88,66.26
2021-12-06,73.08,69.49
2021-12-07,75.44,72.05
2021-12-08,75.82,72.36
2021-12-09,74.42,70.94
2021-12-10,75.15,71.67
2021-12-13,74.39,71.29
2021-12-14,73.7,70.73
2021-12-15,73.88,70.87
2021-12-16,75.02,72.38
2021-12-17,73.52,70.86
2021-12-20,71.52,68.23
2021-12-21,73.98,71.12
2021-12-22,75.29,72.76
2021-12-23,76.85,73.79
2021-12-27,78.6,75.57
2021-12-28,78.94,75.98
2021-12-29,79.23,76.56
2021-12-30,79.32,76.99
2021-12-31,77.78,75.21
2022-01-03,78.98,76.08
2022-01-04,80.0,76.99
2022-01-05,80.8,77.85
2022-01-06,81.99,79.46
2022-01-07,81.75,78.9
2022-01-10,80.87,78.23
2022-01-11,83.72,81.22
2022-01-12,84.67,82.64
2022-01-13,84.47,82.12
2022-01-14,86.06,83.82
2022-01-18,87.51,85.43
2022-01-19,88.44,86.96
2022-01-20,88.38,86.9
2022-01-21,87.89,85.14
2022-01-24,86.27,83.31
2022-01-25,88.2,85.6
2022-01-26,89.96,87.35
2022-01-27,89.34,86.61
2022-01-28,90.03,86.82
2022-01-31,91.21,88.15
2022-02-01,89.16,88.2
2022-02-02,89.47,88.26
2022-02-03,91.11,90.27
2022-02-04,93.27,92.31
2022-02-07,92.69,91.32
2022-02-08,90.78,89.36
2022-02-09,91.55,89.66
2022-02-10,91.41,89.88
2022-02-11,94.44,93.1
2022-02-14,96.48,95.46
2022-02-15,93.28,92.07
2022-02-16,94.81,93.66
2022-02-17,92.97,91.76
2022-02-18,93.54,91.07
2022-02-22,96.84,92.35
2022-02-23,96.84,92.1
2022-02-24,99.08,92.81
2022-02-25,97.93,91.59
2022-02-28,100.99,95.72
2022-03-01,104.97,103.41
2022-03-02,112.93,110.6
2022-03-03,110.46,107.67
2022-03-04,118.11,115.68
2022-03-07,123.21,119.4
2022-03-08,127.98,123.7
2022-03-09,111.14,108.7
2022-03-10,109.33,106.02
2022-03-11,112.67,109.33
2022-03-14,106.9,103.01
2022-03-15,99.91,96.44
2022-03-16,98.02,95.04
2022-03-17,106.64,102.98
2022-03-18,107.93,104.7
2022-03-21,115.62,112.12
2022-03-22,115.48,111.76
2022-03-23,121.6,114.93
2022-03-24,119.03,112.34
2022-03-25,120.65,113.9
2022-03-28,112.48,105.96
2022-03-29,110.23,104.24
2022-03-30,113.45,107.82
2022-03-31,107.91,100.28
2022-04-01,104.39,99.27
2022-04-04,107.53,103.28
2022-04-05,106.64,101.96
2022-04-06,101.07,96.23
2022-04-07,100.58,96.03
2022-04-08,102.78,98.26
2022-04-11,98.48,94.29
2022-04-12,104.64,100.6
2022-04-13,108.78,104.25
2022-04-14,111.7,106.95
2022-04-18,113.16,108.21
2022-04-19,107.25,102.56
2022-04-20,106.8,102.75
2022-04-21,108.33,103.79
2022-04-22,106.65,102.07
2022-04-25,102.32,98.54
2022-04-26,104.99,101.7
2022-04-27,105.32,102.02
2022-04-28,107.59,105.36
2022-04-29,109.34,104.69
2022-05-02,107.58,105.17
2022-05-03,104.97,102.41
2022-05-04,110.14,107.81
2022-05-05,110.9,108.26
2022-05-06,112.39,109.77
2022-05-09,105.94,103.09
2022-05-10,102.46,99.76
2022-05-11,107.51,105.71
2022-05-12,107.45,106.13
2022-05-13,111.55,110.49
2022-05-16,114.24,114.2
2022-05-17,111.93,112.4
2022-05-18,109.11,109.59
2022-05-19,112.04,112.21
2022-05-20,112.55,113.23
2022-05-23,113.42,110.29
2022-05-24,113.56,109.77
2022-05-25,114.03,110.33
2022-05-26,117.4,114.09
2022-05-27,119.43,115.07
2022-05-31,122.84,114.67
2022-06-01,116.29,115.26
2022-06-02,117.61,116.87
2022-06-03,119.72,118.87
2022-06-06,119.51,118.5
2022-06-07,120.57,119.41
2022-06-08,123.58,122.11
2022-06-09,123.07,121.51
2022-06-10,122.01,120.67
2022-06-13,122.27,120.93
2022-06-14,121.17,118.93
2022-06-15,118.51,115.31
2022-06-16,119.81,117.59
2022-06-17,113.12,109.56
2022-06-21,114.65,110.65
2022-06-22,111.74,106.19
2022-06-23,110.05,104.27
2022-06-24,113.12,107.62
2022-06-27,115.09,109.57
2022-06-28,117.98,111.76
2022-06-29,116.26,109.78
2022-06-30,114.81,105.76
2022-07-01,111.63,108.43
2022-07-05,102.77,99.5
2022-07-06,100.69,98.53
2022-07-07,104.65,102.73
2022-07-08,107.02,104.79
2022-07-11,107.1,104.09
2022-07-12,99.49,95.84
2022-07-13,99.57,96.3
2022-07-14,99.1,95.78
2022-07-15,101.16,97.59
2022-07-18,106.27,102.6
2022-07-19,107.35,104.22
2022-07-20,106.92,102.26
2022-07-21,103.86,96.35
2022-07-22,103.2,94.7
2022-07-25,105.15,96.7
2022-07-26,104.4,94.98
2022-07-27,106.62,97.26
2022-07-28,107.14,96.42
2022-07-29,110.01,98.62
2022-08-01,100.03,93.89
2022-08-02,100.54,94.42
2022-08-03,96.78,90.66
2022-08-04,94.12,88.54
2022-08-05,94.92,89.01
2022-08-08,96.65,90.76
2022-08-09,96.31,90.5
2022-08-10,97.4,91.93
2022-08-11,99.6,94.34
2022-08-12,98.15,92.09
2022-08-15,95.1,89.41
2022-08-16,92.34,86.53
2022-08-17,93.65,88.11
2022-08-18,96.59,90.5
2022-08-19,96.72,90.77
2022-08-22,96.48,90.23
2022-08-23,100.22,93.74
2022-08-24,101.22,94.89
2022-08-25,99.34,92.52
2022-08-26,100.99,93.06
2022-08-29,105.09,97.01
2022-08-30,99.31,91.64
2022-08-31,96.49,89.55
2022-09-01,92.36,86.61
2022-09-02,93.02,86.87
2022-09-06,92.83,86.88
2022-09-07,88.0,81.94
2022-09-08,89.15,83.54
2022-09-09,92.84,86.79
2022-09-12,94.0,87.78
2022-09-13,93.17,87.31
2022-09-14,94.1,88.48
2022-09-15,90.84,85.1
2022-09-16,91.35,85.11
2022-09-19,92.0,85.73
2022-09-20,90.62,84.45
2022-09-21,89.83,82.94
2022-09-22,90.46,83.49
2022-09-23,86.15,78.74
2022-09-26,84.06,76.71
2022-09-27,86.27,78.5
2022-09-28,89.32,82.15
2022-09-29,88.49,81.23
2022-09-30,87.96,79.49
2022-10-03,88.86,83.63
2022-10-04,91.8,86.52
2022-10-05,93.37,87.76
2022-10-06,94.42,88.45
2022-10-07,97.92,92.64
2022-10-10,96.19,91.13
2022-10-11,94.29,89.35
2022-10-12,92.45,87.27
2022-10-13,94.57,89.11
2022-10-14,91.63,85.61
2022-10-17,91.62,85.46
2022-10-18,90.03,82.82
2022-10-19,92.41,85.55
2022-10-20,92.38,85.98
2022-10-21,93.5,85.05
2022-10-24,93.26,84.58
2022-10-25,93.52,85.32
2022-10-26,95.69,87.91
2022-10-27,96.96,89.08
2022-10-28,95.77,87.9
2022-10-31,94.83,86.53
2022-11-01,94.65,88.37
2022-11-02,96.16,90.0
2022-11-03,94.67,88.17
2022-11-04,98.57,92.61
2022-11-07,97.92,91.79
2022-11-08,95.36,88.91
2022-11-09,92.65,85.83
2022-11-10,93.67,86.47
2022-11-11,95.99,88.96
2022-11-14,93.14,85.87
2022-11-15,93.86,86.92
2022-11-16,92.86,85.59
2022-11-17,89.78,81.64
2022-11-18,87.62,80.08
2022-11-21,87.45,79.73
2022-11-22,88.36,80.95
2022-11-23,85.41,77.94
2022-11-25,83.63,76.28
2022-11-28,83.19,77.24
2022-11-29,83.03,78.2
2022-11-30,85.43,80.55
2022-12-01,86.88,81.22
2022-12-02,85.57,79.98
2022-12-05,82.68,76.93
2022-12-06,79.35,74.25
2022-12-07,77.17,72.01
2022-12-08,76.15,71.46
2022-12-09,76.1,71.02
2022-12-12,77.99,73.17
2022-12-13,80.68,75.39
2022-12-14,82.7,77.28
2022-12-15,81.21,76.11
2022-12-16,79.04,74.29
2022-12-19,79.8,75.19
2022-12-20,79.99,76.09
2022-12-21,82.2,78.29
2022-12-22,80.98,77.49
2022-12-23,83.92,79.56
2022-12-27,84.33,79.53
2022-12-28,83.26,78.96
2022-12-29,82.26,78.4
2022-12-30,85.91,80.26
2023-01-03,82.1,76.93
2023-01-04,77.84,72.84
2023-01-05,78.69,73.67
2023-01-06,78.57,73.77
2023-01-09,79.65,74.63
2023-01-10,80.1,75.12
2023-01-11,82.67,77.41
2023-01-12,84.03,78.39
2023-01-13,85.28,79.86
2023-01-17,85.92,80.18
2023-01-18,84.98,79.48
2023-01-19,86.16,80.33
2023-01-20,87.63,81.31
2023-01-23,88.19,81.62
2023-01-24,86.13,80.13
2023-01-25,86.12,80.15
2023-01-26,87.47,81.01
2023-01-27,86.66,79.68
2023-01-30,84.9,77.9
2023-01-31,84.49,78.87
2023-02-01,82.84,76.41
2023-02-02,82.17,75.88
2023-02-03,79.94,73.39
2023-02-06,80.99,74.11
2023-02-07,83.69,77.14
2023-02-08,85.09,78.47
2023-02-09,84.5,78.06
2023-02-10,86.39,79.72
2023-02-13,86.61,80.14
2023-02-14,85.58,79.06
2023-02-15,85.38,78.59
2023-02-16,85.14,78.49
2023-02-17,83.0,76.34
2023-02-21,83.05,76.16
2023-02-22,80.6,73.95
2023-02-23,82.21,75.39
2023-02-24,83.16,76.32
2023-02-27,82.45,75.68
2023-02-28,83.89,77.05
2023-03-01,84.31,77.69
2023-03-02,84.75,78.16
2023-03-03,85.83,79.68
2023-03-06,86.18,80.46
2023-03-07,83.29,77.58
2023-03-08,82.66,76.66
2023-03-09,81.59,75.72
2023-03-10,82.78,76.68
2023-03-13,80.77,74.8
2023-03-14,77.45,71.33
2023-03-15,73.69,67.61
2023-03-16,74.7,68.35
2023-03-17,72.97,66.74
2023-03-20,73.79,67.64
2023-03-21,75.32,69.33
2023-03-22,76.69,70.9
2023-03-23,75.91,69.96
2023-03-24,74.99,69.26
2023-03-27,78.12,72.81
2023-03-28,78.65,73.2
2023-03-29,78.28,72.97
2023-03-30,79.27,74.37
2023-03-31,79.77,75.67
2023-04-03,84.93,80.42
2023-04-04,84.94,80.71
2023-04-05,84.99,80.61
2023-04-06,85.12,80.7
2023-04-10,84.18,79.74
2023-04-11,85.61,81.53
2023-04-12,87.33,83.26
2023-04-13,86.09,82.16
2023-04-14,86.31,82.52
2023-04-17,84.76,80.83
2023-04-18,84.77,80.86
2023-04-19,83.12,79.16
2023-04-20,81.1,77.29
2023-04-21,81.66,77.87
2023-04-24,82.73,78.76
2023-04-25,80.77,77.07
2023-04-26,77.69,74.3
2023-04-27,78.37,74.76
2023-04-28,79.54,76.78
2023-05-01,79.31,75.66
2023-05-02,75.32,71.66
2023-05-03,72.33,68.6
2023-05-04,72.5,68.56
2023-05-05,75.3,71.34
2023-05-08,77.01,73.16
2023-05-09,77.44,73.71
2023-05-10,76.41,72.56
2023-05-11,74.98,70.87
2023-05-12,74.17,70.04
2023-05-15,75.23,71.11
2023-05-16,74.91,70.86
2023-05-17,76.96,72.83
2023-05-18,75.86,71.86
2023-05-19,75.58,71.55
2023-05-22,75.99,71.99
2023-05-23,76.84,72.91
2023-05-24,78.36,74.34
2023-05-25,76.26,71.83
2023-05-26,76.95,72.67
2023-05-30,73.54,69.46
2023-05-31,72.66,68.09
2023-06-01,74.28,70.1
2023-06-02,76.13,71.74
2023-06-05,76.71,72.15
2023-06-06,76.29,71.74
2023-06-07,76.95,72.53
2023-06-08,75.96,71.29
2023-06-09,74.79,70.17
2023-06-12,71.84,67.12
2023-06-13,74.29,69.42
2023-06-14,73.2,68.27
2023-06-15,75.67,70.62
2023-06-16,76.61,71.78
2023-06-20,75.9,70.5
2023-06-21,77.12,72.53
2023-06-22,74.14,69.51
2023-06-23,73.85,69.16
2023-06-26,74.18,69.37
2023-06-27,72.26,67.7
2023-06-28,74.03,69.56
2023-06-29,74.34,69.86
2023-06-30,74.9,70.64
2023-07-03,74.65,69.79
2023-07-05,76.65,71.79
2023-07-06,76.52,71.8
2023-07-07,78.47,73.86
2023-07-10,77.69,72.99
2023-07-11,79.4,74.83
2023-07-12,80.11,75.75
2023-07-13,81.36,76.89
2023-07-14,79.87,75.42
2023-07-17,78.5,74.15
2023-07-18,79.63,75.75
2023-07-19,79.46,75.35
2023-07-20,79.64,75.63
2023-07-21,81.07,77.07
2023-07-24,82.74,78.74
2023-07-25,83.64,79.63
2023-07-26,82.92,78.78
2023-07-27,84.24,80.09
2023-07-28,84.99,80.58
2023-07-31,85.56,81.8
2023-08-01,84.91,81.37
2023-08-02,83.2,79.49
2023-08-03,85.14,81.55
2023-08-04,86.24,82.82
2023-08-07,85.34,81.94
2023-08-08,86.17,82.92
2023-08-09,87.55,84.4
2023-08-10,86.4,82.82
2023-08-11,86.81,83.19
2023-08-14,86.21,82.51
2023-08-15,84.89,80.99
2023-08-16,83.45,79.38
2023-08-17,84.12,80.39
2023-08-18,84.8,81.25
2023-08-21,84.46,80.72
2023-08-22,84.03,80.35
2023-08-23,83.21,78.89
2023-08-24,83.36,79.05
2023-08-25,84.48,79.83
2023-08-28,84.42,80.1
2023-08-29,85.49,81.16
2023-08-30,85.86,81.63
2023-08-31,86.86,83.63
2023-09-01,88.55,85.55
2023-09-05,90.04,86.69
2023-09-06,90.6,87.54
2023-09-07,89.92,86.87
2023-09-08,90.65,87.51
2023-09-11,90.64,87.29
2023-09-12,92.06,88.84
2023-09-13,91.88,88.52
2023-09-14,93.7,90.16
2023-09-15,93.93,90.77
2023-09-18,94.43,91.48
2023-09-19,94.34,91.2
2023-09-20,93.53,90.28
2023-09-21,93.3,89.63
2023-09-22,93.27,90.03
2023-09-25,93.29,89.68
2023-09-26,93.96,90.39
2023-09-27,96.55,93.68
2023-09-28,95.38,91.71
2023-09-29,95.31,90.79
2023-10-02,90.71,88.82
2023-10-03,90.92,89.23
2023-10-04,85.81,84.22
2023-10-05,84.07,82.31
2023-10-06,84.58,82.79
2023-10-09,88.15,86.38
2023-10-10,87.65,85.97
2023-10-11,85.82,83.49
2023-10-12,86.0,82.91
2023-10-13,90.89,87.69
2023-10-16,89.65,86.66
2023-10-17,89.9,86.66
2023-10-18,91.5,88.32
2023-10-19,92.38,89.37
2023-10-20,92.16,88.75
2023-10-23,89.83,85.49
2023-10-24,88.07,83.74
2023-10-25,90.13,85.39
2023-10-26,87.93,83.21
2023-10-27,90.48,85.54
2023-10-30,87.45,82.31
2023-10-31,87.41,81.02
2023-11-01,84.63,80.44
2023-11-02,86.85,82.46
2023-11-03,84.89,80.51
2023-11-06,85.18,80.82
2023-11-07,81.61,77.37
2023-11-08,79.54,75.33
2023-11-09,80.01,75.74
2023-11-10,81.43,77.17
2023-11-13,82.52,78.26
2023-11-14,82.47,78.26
2023-11-15,81.18,76.66
2023-11-16,77.42,72.9
2023-11-17,80.61,75.89
2023-11-20,82.32,77.6
2023-11-21,82.45,77.77
2023-11-22,81.96,77.1
2023-11-24,80.58,75.54
2023-11-27,79.98,74.86
2023-11-28,81.68,76.41
2023-11-29,83.1,77.86
2023-11-30,82.83,75.96
2023-12-01,78.88,74.07
2023-12-04,78.03,73.04
2023-12-05,77.2,72.32
2023-12-06,74.3,69.38
2023-12-07,74.05,69.34
2023-12-08,75.84,71.23
2023-12-11,76.03,71.32
2023-12-12,73.24,68.61
2023-12-13,74.26,69.47
2023-12-14,76.61,71.58
2023-12-15,76.55,71.43
2023-12-18,77.95,72.47
2023-12-19,79.23,73.44
2023-12-20,79.7,74.22
2023-12-21,79.39,73.89
2023-12-22,79.07,73.56
2023-12-26,81.07,75.57
2023-12-27,79.65,74.11
2023-12-28,78.39,71.77
2023-12-29,77.04,71.65
2024-01-02,75.89,70.38
2024-01-03,78.25,72.7
2024-01-04,77.59,72.19
2024-01-05,78.76,73.81
2024-01-08,76.12,70.77
2024-01-09,77.59,72.24
2024-01-10,76.8,71.37
2024-01-11,77.41,72.02
2024-01-12,78.29,72.68
2024-01-16,78.29,72.4
2024-01-17,77.88,72.56
2024-01-18,79.1,74.08
2024-01-19,78.56,73.41
2024-01-22,80.06,75.19
2024-01-23,79.55,74.37
2024-01-24,80.04,75.09
2024-01-25,82.43,77.36
2024-01-26,83.55,78.01
2024-01-29,82.4,76.78
2024-01-30,82.87,77.82
2024-01-31,81.71,75.85
2024-02-01,78.7,73.82
2024-02-02,77.33,72.28
2024-02-05,77.99,72.78
2024-02-06,78.59,73.31
2024-02-07,79.21,73.86
2024-02-08,81.63,76.22
2024-02-09,82.19,76.84
2024-02-12,82.0,76.92
2024-02-13,82.77,77.87
2024-02-14,81.6,76.64
2024-02-15,82.86,78.03
2024-02-16,83.47,79.19
2024-02-20,82.34,78.18
2024-02-21,83.03,77.91
2024-02-22,83.67,78.61
2024-02-23,81.62,76.49
2024-02-26,82.53,77.58
2024-02-27,83.65,78.87
2024-02-28,83.68,78.54
2024-02-29,83.62,78.26
2024-03-01,83.55,79.97
2024-03-04,82.8,78.74
2024-03-05,82.04,78.15
2024-03-06,82.96,79.13
2024-03-07,82.96,78.93
2024-03-08,82.08,78.01
2024-03-11,82.21,77.93
2024-03-12,81.92,77.56
2024-03-13,84.03,79.72
2024-03-14,85.42,81.26
2024-03-15,85.34,81.04
2024-03-18,86.89,82.72
2024-03-19,87.38,83.47
2024-03-20,85.95,81.68
2024-03-21,85.78,81.07
2024-03-22,85.43,80.63
2024-03-25,86.75,81.95
2024-03-26,86.25,81.62
2024-03-27,86.09,81.35
2024-03-28,87.48,83.17
2024-04-01,87.42,83.71
2024-04-02,88.92,85.15
2024-04-03,89.35,85.43
2024-04-04,90.65,86.59
2024-04-05,91.17,86.91
2024-04-08,90.38,86.43
2024-04-09,89.42,85.23
2024-04-10,90.48,86.21
2024-04-11,89.74,85.02
2024-04-12,90.45,85.66
2024-04-15,90.1,85.41
2024-04-16,90.02,85.36
2024-04-17,87.29,82.69
2024-04-18,87.11,82.73
2024-04-19,87.29,83.14
2024-04-22,87.0,82.85
2024-04-23,88.42,83.36
2024-04-24,88.02,82.81
2024-04-25,89.01,83.57
2024-04-26,89.5,83.85
2024-04-29,88.4,82.63
2024-04-30,87.86,81.93
2024-05-01,83.44,79.0
2024-05-02,83.67,78.95
2024-05-03,82.96,78.11
2024-05-06,83.33,78.48
2024-05-07,83.16,78.38
2024-05-08,83.58,78.99
2024-05-09,83.88,79.26
2024-05-10,82.79,78.26
2024-05-13,83.36,79.12
2024-05-14,82.38,78.02
2024-05-15,82.75,78.63
2024-05-16,83.27,79.23
2024-05-17,83.98,80.06
2024-05-20,83.71,79.8
2024-05-21,82.88,79.26
2024-05-22,81.9,77.57
2024-05-23,81.36,76.87
2024-05-24,82.12,77.72
2024-05-28,84.22,79.83
2024-05-29,83.6,79.23
2024-05-30,81.86,77.91
2024-05-31,81.62,76.99
2024-06-03,78.36,74.22
2024-06-04,77.52,73.25
2024-06-05,78.41,74.07
2024-06-06,79.87,75.55
2024-06-07,79.62,75.53
2024-06-10,81.63,77.74
2024-06-11,81.92,77.9
2024-06-12,82.6,78.5
2024-06-13,82.75,78.62
2024-06-14,82.62,78.45
2024-06-17,84.25,80.33
2024-06-18,85.33,81.57
2024-06-20,85.71,82.17
2024-06-21,85.24,80.73
2024-06-24,86.01,81.63
2024-06-25,85.01,80.83
2024-06-26,85.25,80.9
2024-06-27,86.39,81.74
2024-06-28,86.41,81.54
2024-07-01,86.6,83.38
2024-07-02,86.24,82.81
2024-07-03,87.34,83.88
2024-07-05,86.54,83.16
2024-07-08,85.75,82.33
2024-07-09,84.66,81.41
2024-07-10,85.08,82.1
2024-07-11,85.4,82.62
2024-07-12,85.03,82.21
2024-07-15,84.85,81.91
2024-07-16,83.73,80.76
2024-07-17,85.08,82.85
2024-07-18,85.11,82.82
2024-07-19,82.63,80.13
2024-07-22,82.4,79.78
2024-07-23,81.01,76.96
2024-07-24,81.71,77.59
2024-07-25,82.37,78.28
2024-07-26,81.13,77.16
2024-07-29,79.78,75.81
2024-07-30,78.63,74.73
2024-07-31,80.72,77.91
2024-08-01,79.52,76.31
2024-08-02,76.81,73.52
2024-08-05,76.3,72.94
2024-08-06,76.48,73.2
2024-08-07,78.33,75.23
2024-08-08,79.16,76.19
2024-08-09,79.66,76.84
2024-08-12,82.3,80.06
2024-08-13,80.69,78.35
2024-08-14,79.76,76.98
2024-08-15,81.04,78.16
2024-08-16,79.68,76.65
2024-08-19,77.66,74.37
2024-08-20,77.2,74.04
2024-08-21,76.05,71.93
2024-08-22,77.22,73.01
2024-08-23,79.02,74.83
2024-08-26,81.43,77.42
2024-08-27,79.55,75.53
2024-08-28,78.65,74.52
2024-08-29,79.94,75.91
2024-08-30,78.8,73.55
2024-09-03,73.75,70.34
2024-09-04,72.7,69.2
2024-09-05,72.69,69.15
2024-09-06,71.06,67.67
2024-09-09,71.84,68.71
2024-09-10,69.19,65.75
2024-09-11,70.61,67.31
2024-09-12,71.97,68.97
2024-09-13,71.61,68.65
2024-09-16,72.75,70.09
2024-09-17,73.7,71.19
2024-09-18,73.65,70.91
2024-09-19,74.88,71.95
2024-09-20,74.49,71.92
2024-09-23,73.9,70.37
2024-09-24,75.17,71.56
2024-09-25,73.46,69.69
2024-09-26,71.6,67.67
2024-09-27,71.98,68.18
2024-09-30,71.77,68.17
2024-10-01,73.56,69.83
2024-10-02,73.9,70.1
2024-10-03,77.62,73.71
2024-10-04,78.05,74.38
2024-10-07,80.93,77.14
2024-10-08,77.18,73.57
2024-10-09,76.58,73.24
2024-10-10,79.4,75.85
2024-10-11,79.04,75.56
2024-10-14,77.46,73.83
2024-10-15,74.25,70.58
2024-10-16,74.22,70.39
2024-10-17,74.45,70.67
2024-10-18,73.06,69.22
2024-10-21,74.29,70.56
2024-10-22,76.04,72.09
2024-10-23,74.96,70.77
2024-10-24,74.38,70.19
2024-10-25,76.05,71.78
2024-10-28,71.42,67.38
2024-10-29,71.12,67.21
2024-10-30,72.55,68.61
2024-10-31,73.16,69.26
2024-11-01,73.1,69.49
2024-11-04,75.08,71.47
2024-11-05,75.53,71.99
2024-11-06,74.92,71.69
2024-11-07,75.63,72.36
2024-11-08,73.87,70.38
2024-11-11,71.83,68.04
2024-11-12,71.89,68.12
2024-11-13,72.28,68.43
2024-11-14,72.56,68.7
2024-11-15,71.04,67.02
2024-11-18,73.3,69.16
2024-11-19,73.31,69.39
2024-11-20,72.81,68.87
2024-11-21,74.23,70.1
2024-11-22,75.17,71.24
2024-11-25,73.01,68.94
2024-11-26,72.81,68.77
2024-11-27,72.83,68.72
2024-11-29,72.94,68.0
2024-12-02,71.83,68.1
2024-12-03,73.62,69.94
2024-12-04,72.31,68.54
2024-12-05,72.09,68.3
2024-12-06,71.12,67.2
2024-12-09,72.14,68.37
2024-12-10,72.19,68.59
2024-12-11,73.52,70.29
2024-12-12,73.41,70.02
2024-12-13,74.49,71.29
2024-12-16,73.91,70.71
2024-12-17,73.19,70.08
2024-12-18,73.39,70.58
2024-12-19,72.88,69.91
2024-12-20,72.94,69.46
2024-12-23,72.63,69.24
2024-12-24,73.58,70.1
2024-12-26,73.26,69.62
2024-12-27,74.17,70.6
2024-12-30,74.39,70.99
2024-12-31,74.64,71.72
2025-01-02,75.93,73.13
2025-01-03,76.51,73.96
2025-01-06,76.3,73.56
2025-01-07,77.05,74.25
2025-01-08,76.16,73.32
2025-01-09,76.92,73.92
2025-01-10,79.76,76.57
2025-01-13,81.01,78.82
2025-01-14,79.92,77.5
2025-01-15,82.03,80.04
2025-01-16,81.29,78.68
2025-01-17,80.79,77.88
2025-01-21,79.29,75.89
2025-01-22,79.0,75.44
2025-01-23,78.29,74.62
2025-01-24,78.5,74.66
2025-01-27,77.08,73.17
2025-01-28,77.49,73.77
2025-01-29,76.58,72.62
2025-01-30,76.87,72.73
2025-01-31,76.76,72.53
2025-02-03,75.96,73.16
2025-02-04,76.2,72.7
2025-02-05,74.61,71.03
2025-02-06,74.29,70.61
2025-02-07,74.66,71.0
2025-02-10,75.87,72.32
2025-02-11,77.0,73.32
2025-02-12,75.18,71.37
2025-02-13,75.02,71.29
2025-02-14,74.74,70.74
2025-02-18,75.84,71.85
2025-02-19,76.04,72.25
2025-02-20,76.48,72.57
2025-02-21,74.43,70.4
2025-02-24,74.78,70.7
2025-02-25,73.02,68.93
2025-02-26,72.53,68.62
2025-02-27,74.04,70.35
2025-02-28,73.18,69.76
2025-03-03,71.62,68.37
2025-03-04,71.04,68.26
2025-03-05,69.3,66.31
2025-03-06,69.46,66.36
2025-03-07,70.36,67.04
2025-03-10,69.28,66.03
2025-03-11,69.56,66.25
2025-03-12,70.95,67.68
2025-03-13,69.88,66.55
2025-03-14,70.58,67.18
2025-03-17,71.07,67.58
2025-03-18,70.56,66.9
2025-03-19,70.78,67.16
2025-03-20,72.0,68.26
2025-03-21,72.16,68.28
2025-03-24,73.0,69.11
2025-03-25,73.02,69.0
2025-03-26,73.79,69.65
2025-03-27,74.03,69.92
2025-03-28,73.63,69.36
2025-03-31,74.74,71.48
2025-04-01,74.49,71.2
2025-04-02,74.95,71.71
2025-04-03,70.14,66.95
2025-04-04,65.58,61.99
2025-04-07,64.21,60.7
2025-04-08,62.82,59.58
2025-04-09,65.48,62.35
2025-04-10,63.33,60.07
2025-04-11,64.76,61.5
2025-04-14,64.88,61.53
2025-04-15,64.67,61.33
2025-04-16,65.85,62.47
2025-04-17,67.96,64.68
2025-04-21,66.26,63.08
2025-04-22,67.44,64.31
2025-04-23,66.12,62.27
2025-04-24,66.55,62.79
2025-04-25,66.87,63.02
2025-04-28,65.86,62.05
2025-04-29,64.25,60.42
2025-04-30,63.12,58.21
2025-05-01,62.13,59.24
2025-05-02,61.29,58.29
2025-05-05,60.23,57.13
2025-05-06,62.15,59.09
2025-05-07,61.12,58.07
2025-05-08,62.84,59.91
2025-05-09,63.91,61.02
2025-05-12,64.96,61.95
2025-05-13,66.63,63.67
2025-05-14,66.09,63.15
2025-05-15,64.53,61.62
2025-05-16,65.41,62.49
2025-05-19,65.54,62.69
2025-05-20,65.38,62.56
2025-05-21,64.91,61.57
2025-05-22,64.44,61.2
2025-05-23,64.78,61.53
2025-05-27,64.09,60.89
2025-05-28,64.9,61.84
2025-05-29,64.15,60.94
2025-05-30,63.9,60.79
2025-06-02,64.63,62.52
2025-06-03,65.63,63.41
2025-06-04,64.86,62.85
2025-06-05,65.34,63.37
2025-06-06,66.47,64.58
2025-06-09,67.04,65.29
2025-06-10,66.87,64.98
2025-06-11,69.77,68.15
2025-06-12,69.36,68.04
2025-06-13,74.23,72.98
2025-06-16,73.23,71.77
2025-06-17,76.45,74.84
2025-06-18,76.7,75.14
2025-06-20,77.01,74.93
2025-06-23,71.48,68.51
2025-06-24,67.14,64.37
2025-06-25,67.68,64.92
2025-06-26,67.73,65.24
2025-06-27,67.77,65.52
2025-06-30,67.61,65.11
2025-07-01,67.11,65.45
2025-07-02,69.11,67.45
2025-07-03,68.8,67.0
2025-07-04,68.29,66.5
2025-07-07,69.58,67.93
2025-07-08,70.15,68.33
2025-07-09,70.19,68.38
2025-07-10,68.64,66.57
2025-07-11,70.36,68.45
2025-07-14,69.21,66.98
2025-07-15,68.71,66.52
2025-07-16,68.52,66.38
2025-07-17,69.52,67.54
2025-07-18,69.28,67.34
2025-07-21,69.21,67.2
2025-07-22,68.59,66.21
2025-07-23,68.51,65.25
2025-07-24,69.18,66.03
2025-07-25,68.44,65.16
2025-07-28,70.04,66.71
2025-07-29,72.51,69.21
2025-07-30,73.24,70.0
2025-07-31,72.53,69.26
2025-08-01,69.67,67.33
2025-08-04,68.76,66.29
2025-08-05,67.64,65.16
2025-08-06,66.89,64.35
2025-08-07,66.43,63.88
2025-08-08,66.59,63.88
2025-08-11,66.63,63.96
2025-08-12,66.12,63.17
2025-08-13,65.63,62.65
2025-08-14,66.84,63.96
2025-08-15,65.85,62.8
2025-08-18,66.6,63.42
2025-08-19,65.79,62.35
2025-08-20,66.84,63.21
2025-08-21,67.67,63.52
2025-08-22,67.73,63.66
2025-08-25,68.8,64.8
2025-08-26,67.22,63.25
2025-08-27,68.05,64.15
2025-08-28,68.62,64.6
2025-08-29,68.12,64.01
2025-09-02,69.14,65.59
2025-09-03,67.6,63.97
2025-09-04,66.99,63.48
2025-09-05,65.5,61.87
2025-09-08,66.02,62.26
2025-09-09,66.39,62.63
2025-09-10,67.49,63.67
2025-09-11,66.37,62.37
2025-09-12,66.99,62.69
2025-09-15,67.44,63.3
2025-09-16,68.47,64.52
2025-09-17,67.95,64.05
2025-09-18,67.44,63.57
2025-09-19,66.68,62.68
2025-09-22,66.57,62.64
2025-09-23,67.63,63.41
2025-09-24,69.31,64.99
2025-09-25,69.42,64.98
2025-09-26,70.13,65.72
2025-09-29,67.97,63.45
2025-09-30,67.02,62.37
2025-10-01,65.35,61.78
2025-10-02,64.11,60.48
2025-10-03,64.53,60.88
2025-10-06,65.47,61.69
2025-10-07,65.45,61.73
2025-10-08,66.25,62.55
2025-10-09,65.22,61.51
2025-10-10,62.73,58.9
2025-10-13,63.32,59.49
2025-10-14,62.39,58.7
2025-10-15,61.91,58.27
2025-10-16,61.06,57.46
2025-10-17,61.29,57.54
2025-10-20,61.01,57.52
2025-10-21,61.32,57.82
2025-10-22,62.59,58.5
2025-10-23,65.99,61.79
2025-10-24,65.94,61.5
2025-10-27,65.62,61.31
2025-10-28,64.4,60.15
2025-10-29,64.92,60.48
2025-10-30,65.0,60.57
2025-10-31,65.07,60.98
2025-11-03,64.89,61.05
2025-11-04,64.44,60.56
2025-11-05,63.52,59.6
2025-11-06,63.38,59.43
2025-11-07,63.63,59.75
2025-11-10,64.06,60.13
2025-11-11,65.16,61.04
2025-11-12,62.71,58.49
2025-11-13,63.01,58.69
2025-11-14,64.39,60.09
2025-11-17,64.2,59.91
2025-11-18,64.89,60.74
2025-11-19,63.51,59.44
2025-11-20,63.38,59.14
2025-11-21,62.56,58.06
2025-11-24,63.37,58.84
2025-11-25,62.48,57.95
2025-11-26,63.13,58.65
2025-11-28,63.2,58.55
2025-12-01,63.17,59.32
2025-12-02,62.45,58.64
2025-12-03,62.67,58.95
2025-12-04,63.26,59.67
2025-12-05,63.75,60.08
2025-12-08,62.49,58.88
2025-12-09,61.94,58.25
2025-12-10,62.21,58.46
2025-12-11,61.28,57.6
2025-12-12,61.12,57.44
2025-12-15,60.56,56.82
2025-12-16,58.92,55.27
2025-12-17,59.68,55.94
2025-12-18,59.82,56.15
2025-12-19,60.47,56.66
2025-12-22,62.07,58.01
2025-12-23,62.38,58.38
2025-12-24,62.24,58.35
2025-12-26,60.64,56.74
2025-12-29,61.94,58.08
2025-12-30,61.92,57.95
2025-12-31,60.85,57.42
2026-01-02,60.75,57.32
2026-01-05,61.76,58.32
2026-01-06,60.7,57.13
2026-01-07,59.96,55.99
2026-01-08,61.99,57.76
2026-01-09,63.34,59.12
2026-01-12,63.87,59.5
2026-01-13,65.47,61.15
2026-01-14,66.52,62.02
2026-01-15,63.76,59.19
2026-01-16,64.13,59.44
2026-01-20,64.92,60.34
2026-01-21,65.24,60.62
2026-01-22,64.06,59.36
2026-01-23,65.88,61.07
2026-01-26,65.59,60.63
2026-01-27,67.57,62.39
2026-01-28,68.4,63.21
2026-01-29,70.71,65.42
2026-01-30,70.69,65.21
2026-02-02,66.3,62.14
2026-02-03,67.33,63.21
2026-02-04,69.46,65.14
2026-02-05,67.55,63.29
2026-02-06,68.05,63.55
2026-02-09,69.04,64.36
2026-02-10,68.8,63.96
2026-02-11,69.4,64.63
2026-02-12,67.52,62.84
2026-02-13,67.75,62.89
2026-02-17,67.42,62.33
2026-02-18,70.35,65.19
2026-02-19,71.66,66.43
2026-02-20,71.76,66.39
2026-02-23,71.49,66.31
2026-02-24,70.77,65.63
2026-02-25,70.85,65.42
2026-02-26,70.75,65.21
2026-02-27,72.48,67.02
2026-03-02,77.74,71.23
2026-03-03,81.4,74.56
2026-03-04,81.4,74.66
2026-03-05,85.41,81.01
2026-03-06,92.69,90.9
2026-03-09,98.96,94.77
2026-03-10,87.8,83.45
2026-03-11,91.98,87.25
2026-03-12,100.46,95.73
2026-03-13,103.14,98.71
2026-03-16,100.21,93.5
2026-03-17,103.42,96.21
2026-03-18,107.38,96.32
2026-03-19,108.65,96.14
2026-03-20,112.19,98.32
2026-03-23,99.94,88.13
2026-03-24,104.49,92.35
2026-03-25,102.22,90.32
2026-03-26,108.01,94.48
2026-03-27,112.57,99.64
2026-03-30,112.78,102.88
2026-03-31,118.35,101.38
2026-04-01,101.16,100.12
2026-04-02,109.03,111.54
2026-04-06,109.77,112.41
2026-04-07,109.27,112.95
2026-04-08,94.75,94.41
2026-04-09,95.92,97.87
2026-04-10,95.2,96.57
2026-04-13,99.36,99.08
2026-04-14,94.79,91.28
2026-04-15,94.93,91.29
2026-04-16,99.39,94.69
2026-04-17,90.38,83.85
2026-04-20,95.48,89.61
2026-04-21,98.48,92.13
2026-04-22,101.91,92.96
2026-04-23,105.07,95.85
2026-04-24,105.33,94.4
2026-04-27,108.23,96.37
2026-04-28,111.26,99.93
2026-04-29,118.03,106.88
2026-04-30,114.01,105.07
2026-05-01,108.17,101.94
2026-05-04,114.44,106.42
2026-05-05,109.87,102.27
2026-05-06,101.27,95.08
2026-05-07,100.06,94.81
2026-05-08,101.29,95.42
2026-05-11,104.21,98.07
2026-05-12,107.77,102.18
2026-05-13,105.63,101.02
2026-05-14,105.72,101.17
2026-05-15,109.26,105.42
2026-05-18,112.1,108.66
2026-05-19,111.28,107.77
2026-05-20,105.02,98.26
2026-05-21,102.58,96.35
2026-05-22,103.54,96.6
2026-05-26,99.58,93.89
2026-05-27,94.29,88.68
2026-05-28,93.71,88.9
2026-05-29,92.05,87.36
2026-06-01,94.98,92.16
2026-06-02,96.0,93.76
2026-06-03,97.81,96.02
2026-06-04,95.03,93.04
2026-06-05,93.09,90.54
2026-06-08,94.25,91.3
2026-06-09,91.45,88.2
2026-06-10,93.1,90.03
2026-06-11,90.38,87.71
2026-06-12,87.33,84.88
2026-06-15,83.17,80.75
2026-06-16,78.96,76.05
2026-06-17,79.55,76.79
2026-06-18,79.85,76.6
2026-06-22,77.9,74.82
2026-06-23,77.08,73.21
2026-06-24,73.74,70.34
2026-06-25,75.26,71.92
2026-06-26,71.99,69.23
2026-06-29,73.15,70.75
2026-06-30,72.92,69.5
2026-07-01,71.57,68.58
2026-07-02,71.8,68.69
2026-07-06,71.99,68.55
2026-07-07,74.16,70.44
2026-07-08,78.02,73.52
2026-07-09,76.3,72.08
2026-07-10,76.01,71.41
2026-07-13,83.3,78.14
2026-07-14,84.73,79.34
2026-07-15,84.95,79.6
2026-07-16,84.23,78.95
2026-07-17,88.1,82.49
2026-07-20,89.22,83.23
2026-07-21,91.01,84.91
2026-07-22,94.07,86.83
2026-07-23,100.69,92.19
2026-07-24,96.78,89.31
2026-07-27,88.36,82.61
2026-07-28,84.09,79.26
2026-07-29,90.74,84.46
2026-07-30,89.03,83.59
2026-07-31,90.12,84.67
2026-08-03,83.77,80.34
2026-08-04,79.36,75.77
2026-08-05,79.45,75.22
2026-08-06,82.49,77.29
2026-08-07,83.55,78.18
2026-08-10,87.72,82.13
2026-08-11,88.91,83.2
2026-08-12,88.98,83.27
2026-08-13,87.07,81.25
2026-08-14,88.52,82.4
2026-08-17,90.87,84.5
2026-08-18,91.02,84.94
2026-08-19,91.62,85.83
2026-08-20,93.83,86.89
